PWPCA_PC1,PWPCA_PC2
0.08885175288915559,0.19570434460999273
-0.5164707963360567,0.022439639838573524
-0.15158743502081995,0.13044815697895032
0.2373828414782234,0.12687867463093075
0.7042882636752269,0.0792377270921718
-0.3344035076897605,0.10853721988482315
-0.777318840695319,0.0019075584783895196
0.215890151328945,0.19820010497421212
-0.5215740556008821,0.18051173848596555
-1.0828141516340495,0.01385965817832601
0.12655972496739834,0.022801511160483248
-1.124725992757227,0.07314558746118387
0.017361519851112527,0.3658583933687578
-0.19334805263228558,0.3617956840732968
0.10324907791722547,0.14364914845631463
0.5372943589173439,0.22419516072821633
-0.3802143799630194,0.1190507979048195
-0.5985843483210109,0.1569346478476004
0.03672305662749414,0.08958118881728479
2.2217339587893274,0.7186478420965481
-0.38151681744190985,0.05683790806397939
-0.03994485836150563,0.025902850870525233
-0.3550489843060898,0.0019616257749607703
0.5813181026285815,0.11175607992001774
0.1700428933645901,0.015418182050071595
0.2949902827659255,0.0998348538969932
-0.27953224270289523,0.44994427896562667
-0.4094541251527559,0.08700130306937197
0.6716034649717667,0.12141221968845757
-0.2446599501574846,0.10286113067986882
0.2570143666988503,0.2275370620951831
-1.413192750046805,0.09894824990922552
-0.6121363346574666,0.12155125118424456
0.0507669834009329,0.017659968580059016
-0.4271441704964707,0.2514161870901445
0.19380699348959146,0.05297028239079733
-0.2875462259918034,0.12573161254108503
-0.5336294013647654,0.318649135787373
0.13145056567029192,0.05691341774630419
0.05186236090103686,0.045562368932244475
0.1517799156638175,0.2589793120750985
-0.5919541584487954,0.2474509001699758
0.1167788228769972,0.23548464635066962
-0.3424374015124721,0.09222256701737604
-0.4685965305921565,0.02420041922122904
0.4555962631131286,0.07801260330227501
-0.12686666075390063,0.2840295397120216
0.4144887655076249,0.21728821645103963
-0.3449170717328026,0.46949696442943906
-0.07459513297936939,0.15933308052041023
-0.3928142354900657,0.2846657461302531
-0.7531192568472133,0.13365194048103593
-0.13581101340401375,0.4454626457932569
0.06282527115585032,0.01530937496674472
-0.7048783430779281,0.24222776585506176
0.2675575422059438,0.31201342462301557
-0.2402127356878997,0.1785148921189928
-0.8481975872788258,-0.07231916762543222
-0.612596254287804,0.013976171918446127
0.319116361272288,0.08337604566430093
-0.10385186974931053,0.11008516237326127
0.25632634655691516,0.2086426777358111
0.3010958703794953,0.10971122723917964
-0.41668772458035813,0.15009549802157154
0.17879334817347328,0.3093162141843446
0.45201971706197247,0.5043162794935161
1.6137789947517198,0.21665716372741822
0.06658027912576522,0.32340946823228467
-0.26844411154219044,0.17575191105673638
0.2895225866853084,0.4295787346844626
-0.2605780647869563,0.09744226281873024
-0.7242169092862755,-0.051923796594667455
0.29019389279627605,0.025437914526614733
0.127976435757044,0.0963120207757853
-0.30329373695217293,0.013122278767239027
-0.4237605541752095,-0.020394041065996994
-1.0394948674827116,0.11176348137715075
-0.419063764756118,0.03441046227595441
-0.15997036663834768,0.5100532614732727
-0.34711641819149525,0.23443864864080638
0.04596022727812795,0.08963102017555975
-0.3337325730898561,0.24966641905307557
-0.318433634413709,0.24903618320671672
-0.13759028320989614,0.15730817485600512
-0.5478998190458839,0.1748535451420802
-0.9277865058558575,0.1800235930026722
0.891901261959659,0.10626026355847124
-0.7421990334467392,0.13860867902627563
2.2192637388278964,0.4435566558088038
-0.4906169583625052,0.03863755118704175
0.22094061911353297,0.45556176654551994
-0.6748688886198909,0.07408792968101893
-0.2989230082235763,0.03228407976369282
-0.14458367014123089,0.44201997613457933
-0.47762732649762485,0.05777811033424012
-0.5794565019907513,0.2559969478511399
-0.6984637958233627,0.1722953957139396
1.2201124310091525,0.2073894225956818
-0.16451380438287277,0.07184659573495134
-0.2485064746708674,0.37048098793570194
0.18370044624669016,0.06822077730205502
-0.622848691965245,-0.050384073249422824
-0.07858267509439582,0.1621696797762948
-0.026409159307616868,0.2968655548339243
-0.8630698687970831,0.14222693176527307
-0.1192028825201783,0.3251599257638772
-0.19185940514479516,0.09671737433046027
-0.6092212958363735,0.1846289823149382
-0.011754595769105858,0.08253374075545061
0.6598847287774243,0.1523575893605639
0.8794546110486566,0.1656080691582242
0.03590344305394954,0.005018111491830939
-0.0021352364961137785,0.007637000620934285
0.3028123474147773,0.3865284147874983
-0.7261179273008278,0.20605991977491642
0.40572167077351523,0.3690793603472705
-1.4631036915316202,0.05512504247110598
-0.20535454187428215,0.05268692384383125
0.4635478500936304,0.11091283738074093
0.0600593624078027,0.2926345963796995
0.3845580166846807,0.5019318482017514
-1.5484216493225424,-0.09084056755544262
-0.4992031654615832,0.10872494502399342
0.8254134856096762,0.07888643600291728
-0.3209664243167732,0.47149184532363075
-0.11760041735544328,0.20602154099498693
-0.07767553177134791,0.10798979373318165
-0.18091917857210132,0.13036231117650834
-0.2841728360422178,0.09963839403123513
-0.24575210088447338,0.3307042910193505
-0.2505619902889945,0.11112677772947724
-0.8440813145017303,0.042716939989855825
-0.37739213310565195,-0.012340520473334478
-0.132572866647276,0.11051719889612491
-0.7826497438845346,0.15230139842490908
-0.2275665531048246,0.3812660275404327
0.07656061306865335,0.33027349036744297
-0.16578792496950967,0.05358138840575315
-0.25750195041712637,0.24766017637226737
-0.931576348625586,0.013924618689071527
-0.14982102074068634,0.14696782863411173
-0.17755546991129295,0.011319500318309429
0.14015665175411143,0.11024793108952659
-0.5896512762761222,-0.012153790806624406
-0.8181084155754981,0.10862027348799486
0.1717498178476871,0.09658583014721067
-0.2526219383856344,0.001240996984091968
-0.10795398739258412,0.07719762056467618
0.3089091136056131,0.4311979651467242
-0.49751711154773937,0.17346059774244393
-0.24999890385147047,0.24108821943393435
-0.9555097025780039,0.0663875737531956
-0.04156002692367078,0.013086917182592578
-0.24918712011075278,0.2252074789410616
-0.0900251369265861,0.10050261424639326
-0.7922824047677278,-0.010673715843042055
-0.010642823257145894,0.14944844819368597
0.43071072624992074,0.2453094355135895
0.6458241054328537,0.18705370850045344
0.4721053379032389,0.18592342714366855
-0.40705718294337034,0.09085687473971009
0.10957852805821719,0.25397214013356706
0.07527479713501899,0.03614297526044062
-0.451754278817477,0.10192716632021569
0.08618108782719752,0.03456435007996275
-0.6188837642119283,0.14500151014226004
0.12105538709492893,0.023522102649583237
0.6272399999320055,0.07650432488770095
0.294353712651691,0.3286580946407346
0.905273780670846,0.10071771771014588
0.05533784229872496,0.021871636373053793
0.6067222678370028,0.13818575428335364
-0.4517037942913306,0.2224505272755978
-0.27196912602681234,0.19612406098740698
-0.35731334651518776,0.2215942102095311
-0.8516430295179146,0.009030419549780455
-0.38803532402327845,0.18782549686712774
-1.1213821646704105,0.0034482330299769647
-0.47157071483670404,0.14694092242297177
-1.0365501992344162,0.06057728897021192
0.24923139867845817,0.17564313810047194
-0.03383041934458906,0.09218113352546925
-0.6067789839852274,0.39916297361892406
-0.3847060354529574,0.2874232186607213
0.9570862666201978,0.19169895286142022
-0.35203701674881416,0.15356728682490312
-0.2436160092599403,0.003106057821273127
0.25717754145076555,0.038152300262808664
-0.08166138164993765,0.2850000286464277
-0.36058614298069647,0.09069609587471061
-0.2507353151915998,0.023007712303613224
-0.45913094952174294,0.04883793313396774
0.17818298085932513,0.3750141539441085
0.12396357393506205,0.32258310739567353
-0.07364362866422587,0.1449300992943716
0.5884599797330976,0.2722337665060716
-0.28197628306981326,0.13214683044554448
-0.4289096797974308,0.03652031480271073
0.028370507129751203,0.1779324467052716
-0.27940943916801825,0.29208711575871676
-0.8401013068134489,0.12574899394944253
-0.049796263655253296,0.01583155239103777
-0.2803494100028791,0.24725486697140645
0.7508021160951832,0.06952131040655081
-0.46402025382065903,-0.015679160281310053
-0.7395159227787373,0.2352433118815498
-0.22215681321618636,0.2929125118510133
-0.3033576846446703,0.09124366554718089
-0.3986979493457084,0.04631759510033779
0.037062637882128616,0.32107479974207614
-0.3086472710057939,0.018195620325035144
-0.1137055455321439,0.08119088762945333
-0.2148083034734433,0.1631243663451093
0.05527458851118629,0.08678601955649039
-0.8114183978702629,0.23247975827045214
-0.7875554978690288,0.10179080137367144
-0.6594303636668303,-0.05737930606197448
-0.1648037056716526,0.005962684615889819
-0.583453895287429,0.24413915387606105
0.19590441952975884,0.13963134749737355
-1.097653881981589,0.33593171772983554
0.12503396722862914,0.056050441614861855
-0.17482387792683343,0.026823068058875417
-0.900710980510607,0.20240575212837134
-0.4482705172584408,0.14757402320150953
-0.49120590242032747,0.22552175781096365
-0.09682472430664589,0.1861137841235352
-0.37409550399741237,0.09886798508482085
-0.12162629832837521,0.04860850859589667
-0.4034488073117291,0.04554544372458133
-0.28706666130578773,0.3405076418880309
-0.6410684414955719,-0.012195321022839194
0.15484636338720775,0.15420797448440854
0.0642642126828828,0.1052746485718301
-0.41895974869436775,-0.018923052687451647
-0.7573742647345381,0.4275875843100555
-0.8807322945150166,0.00749648233930848
-0.40613189458281185,0.3199466512891695
-0.327703986483505,0.15122896536042138
-0.3422506095136102,0.0035385036936629276
-0.427011776151084,0.07814562029027221
-0.8566047499508098,0.11064937102172158
0.1260311803165778,0.02754809377781663
-0.4291056801172003,0.07186501156743907
-0.15125254978195657,0.005146051867403652
-0.4959405784278758,0.1597108592686628
0.6314418272619059,0.0920633508269488
0.0064499457696924984,0.11390565892493297
-0.19831198979878703,0.10194038597466407
-1.0621111182853353,0.1736439871002615
-0.3891581731828647,0.14709382242824592
0.09353940261199686,0.12489714686958964
-0.06035545957843127,0.06794912789630286
-0.7238718427344771,0.20548096092534818
-0.16186293630874113,0.03862051907295129
-0.4381880873183451,0.3673836003015698
-1.1532496263519119,0.017102791075409428
0.6244302636230762,0.12396613293812145
-0.1017894947928859,0.2663622780400608
0.005420285898304565,0.006625067363066165
-0.3204511360808564,0.03377666103916392
-0.46099755345351284,0.21981080117639468
0.038486666890038566,0.11700804610892782
-0.7389833901145995,0.4111402445780646
-0.23654937646173915,0.21202656057416044
-0.02178188668271438,0.18260328148297575
-1.3226223322143418,0.27306355627704904
-0.741531616528933,0.04260130848989691
1.0665025416537428,0.309609644638749
-0.18039054022063203,0.2022628375149708
-0.12500174553620108,0.26697229413821494
0.4973762786372177,0.1980126718584655
-0.24014327920242187,0.2842414299319443
-0.12233596618772719,0.3754803177673168
-0.5559634091552582,0.12116492633578561
-0.015251986896654768,0.07609901351332514
-0.370952109951222,0.025977854056547796
-0.4260837134483213,0.26703733001932484
-0.4020159828001387,0.4412030755374618
-0.17845821699637002,0.15746502556089792
-0.4366967650478079,0.053182205536872085
-0.40683219363162443,0.14729574274208698
-0.34405963629331804,0.015518470953559455
-0.17134173505676167,0.07651594397894598
-0.3368510346309154,0.0690345421475128
-0.025573665415802818,0.31067051180161076
-0.5187299525262008,0.008153925076159047
-0.5867089840658218,0.04764012326838427
-0.29813625073741706,0.15325155499997173
-1.320022509888364,-0.03992503117634448
-0.5092605982765666,0.020574434307800496
-0.38803941416346804,0.08402676963750615
-0.7728221039059985,0.18370275681401071
-0.5587523111507972,0.13466904905875474
-0.28204158928493017,0.42712392709464136
-0.5364263869924871,0.04472775741303084
-0.8848794477215055,0.05425098910543746
-0.1453017746285093,0.1944102159860338
-0.5643632048209513,0.33098756627120385
-0.18756612813237147,0.02946978269349652
0.36463062603429236,0.11491360540780217
-0.1992246981045701,0.06285648381388614
-0.41843551810463486,0.0033720624907166382
-0.35214663847107275,0.06570021996850715
-0.4190259346038243,0.24833133333135332
-0.630107838414491,0.1592717679157228
0.24217734382709072,0.09330527481105257
-0.29219518452649085,0.2572696224485553
-0.4359530010908774,0.11777598010389062
-0.45304505993994176,0.06154812616872635
-0.31525064663805435,0.399182431139366
-0.20401836155619474,0.27228612106635836
-0.3994564206449192,0.46122574223273527
-0.13975821545315306,0.03564226029597908
-1.1245978656952145,0.2693853246314809
-0.8004239969304465,-0.041320349112427594
-0.10565712137493516,0.4096166696678616
-0.4799709448749774,0.13029015318560283
-0.41642554112824826,0.3559580103844726
-0.562302522842708,0.41289176068464306
0.18266323370995072,0.17676534153289256
-0.8287375516066137,0.07143401810127414
-0.593328398830165,0.08037322860242097
-0.27639957082534855,0.2204050695857212
-0.09594673656729177,0.22466569100202896
-0.5464925220436898,0.0879546489704429
-0.1985030087633593,0.061304051975340855
0.15697763455957747,0.22702751941986177
-0.5823397396247194,0.017340509605073343
-0.22156838961681036,0.03237312578803499
0.2506142834459525,0.3760262581069332
-0.3904459754602549,0.04597905588786533
-0.7986167478392834,0.008696635999934161
-0.6026875229880921,0.18771173170703814
-0.7629176980472121,-0.04987909189322036
-0.47875114173036987,0.18777549356630838
-0.921517476314725,0.24517161346712288
-0.0575928977489584,0.2889559806668252
-0.1400554304189134,0.05077950707237264
-0.7116477306712506,0.046933077361080364
0.3883824651764152,0.550084069182068
-0.080559992801574,0.42666226412339975
-0.15072785162124716,0.12302687553760853
0.16812968853565954,0.1544569607571741
0.3137928332611142,0.23207588978133994
-0.02464828061302914,0.13615642135747585
-0.6464248475716976,0.046047736709805775
0.0013202190985806325,0.04246252820688775
-0.18095965740692055,0.023978634396403256
-0.7529507295744919,0.40175664326912064
-0.24864933538450304,-0.019994772368189254
-0.2529481138615059,0.26344095500860143
0.1664870558933508,0.12142740796752653
-0.2742362386420984,0.34033782938541374
-0.4326323083201178,0.06152051909052332
-0.7745275468972851,-0.024274887746414783
-0.5283199149028655,0.2808789725483798
-0.2865812242182541,0.0736515682626374
0.16593115851707294,0.19083988825844167
-0.38189098915013653,0.014969147935338862
-0.24300230017599164,0.04230320137634108
-0.09740712235869635,0.17609161987200425
-0.07256917955264487,0.032934427234439574
-0.4525809422250531,0.23853443495806329
-0.1271488524697559,0.06093031097595974
-0.4564916587014259,0.24828829640719433
-0.47189699035348864,0.013715408192404804
0.5583260407209845,0.2940760564777773
-1.1216591863382899,-0.0003356028515806294
-0.300863983175754,0.09571464396045497
-0.17816171423478327,0.4386877818347032
0.023806119247850116,0.3635687949242354
-0.37791861358848394,0.08082090232414572
-0.2975242458237096,0.09402997485032405
-0.2589691691296937,0.1116720114128935
0.1741550175483317,0.05890790319192164
0.35997255171673653,0.08054861303877436
0.12433078410613999,0.14231503596136308
0.2766483805731187,0.25100381553871554
-0.24162268152453473,0.08792060528822473
0.020821689821498922,0.13310378499965175
-0.09787276896630605,0.03258713338163737
-0.7730452043084688,-0.06473411999506268
0.30017397651163924,0.1045250285625968
-0.33171306519190447,-0.007156021927139148
-0.3875182239428459,0.14846840995499533
-0.7330778096300266,-0.0022115185173385583
-0.6016954700823005,0.06210399891852037
-0.6147000530023872,0.06883144729166911
-0.16568134908178223,0.13694987945822756
-0.36674466856744015,0.1590589948437954
-0.09079307912050241,0.18888322011343048
-1.1453467975593445,0.11113256801562611
-0.3926518076429467,0.23498310967684918
-0.32706164376675567,0.13359816937854335
-0.6425708150703353,0.44587571117345876
-0.1619688214600467,0.4308081974546457
-0.859728290743624,-0.0614389006695849
-0.13727218765843505,0.0006891645177115129
-0.6911786184825817,0.01226620048185871
-0.43132246217753,0.19537548149533318
-0.08622531012534974,0.06764514660900027
0.24635559261610124,0.11944453615735591
-0.9266734319321648,0.11475129320346204
0.23969346984407316,0.3683042508514685
0.13347111552710614,0.4432131331953038
-0.1404011283653215,0.3177095962353378
-0.7793388242841086,0.05845187158194132
-0.03150455344943537,0.019045716355051798
-0.5836995332023462,0.17953447868926548
-0.08716513365254944,0.2854697025557372
0.4167860897802511,0.18628340990797695
-0.6681663167433223,0.5615744671311228
-0.47192921180858427,0.39838341147641526
-0.23867208688838193,0.11313206952080103
-0.9896380675386457,0.12240818149017062
0.029978831667908965,0.05614964713029188
-0.5070908066567094,0.29182994939141177
-0.2861187721940734,0.2638227981377909
-1.079693579333031,0.005152043969892378
-0.30973109196327725,4.241673435075898e-05
-0.6025516611887014,0.34838364718738263
0.025584652951050457,0.10941257945355438
-0.8419015736128249,0.3842014322943976
-0.7368780622378753,0.30592621074241194
0.5522593867351376,0.20552995267636218
-0.3682346474010885,0.08858035193469213
-0.4733420065320702,0.04793421984296536
-0.7044946280215997,0.34103089757505295
-0.2197726215806335,0.05848336811397835
-0.3149196740083774,-0.0019253249530087912
-0.27270211383245496,-0.02301565601878499
-0.7652076203892141,0.22596240510451465
-0.5374567250351551,0.05395953140793809
-0.7889104027594412,0.29113143097902683
0.13327995628833095,0.16297248543482729
-0.09164406182014341,0.24745949202276296
-0.8682009091494874,0.07492369493108184
-0.40432681150916705,0.2506293483219194
-0.1703074742449625,0.1526578427958778
-0.5117083911306856,0.14787354634606362
-0.7663911432126882,0.0015955749917349507
0.0457205005851213,0.05973579683746427
-0.8741954386088678,0.18402788813518647
-0.5453879017363938,0.12551263259864623
-0.7172673960917855,0.13067882374369366
-0.014442786496372543,0.03336282861413802
-0.21301894221114193,0.281979643860436
-0.7629383879604322,0.029082864747390826
-0.7770398327422677,0.13699155590869125
-0.4684505482976029,-0.01550815642247478
-0.21961057711672632,0.2847732440792541
0.11160218817580787,0.22011565719676526
-0.6572385225051346,0.2734613303526543
-0.10201000382051713,0.15184268460543376
-0.2974922125489733,0.2984545394845659
-0.18733829355483264,0.08765231181659257
-0.0335063470411822,0.03344994551712757
-0.3194730058031943,-0.018942246492657893
-0.31531495315244235,0.30311886751525885
-0.02831434471166988,0.2833249445580649
-0.2597385679780735,0.39003336139708944
-0.678510915519515,0.011056254550506362
-0.07885079676123673,0.12032574937055596
-0.27712926109281466,0.34844675964805244
-0.09490437557063,0.2821725318888536
-0.21986989873673843,0.11385867473143324
-0.12635771982972543,0.14465859392220998
-0.07632968481684684,0.13586583346310496
-0.13772178888264563,0.0680737645467283
-0.39616395031372603,0.3029411010163743
-0.45014833900414214,0.06177488224656433
-0.031863169384337524,0.0782508395010979
-0.7673345023667798,0.27320407583737755
-1.041877321894323,0.28740111270342567
-0.018390933508410135,0.121749839475371
-0.1502794606558107,0.328394455007985
-0.24519569740274022,0.23454130662936143
-0.5873324042510987,-0.03665128797249723
-1.1965243207696497,0.24191432631838491
1.562682362843518,0.2199382106555685
-0.35800345892924257,0.21737289174251703
0.6215921583680302,0.2371844741847219
-0.4761012080920933,0.42154419449651515
-0.5039664778845577,0.07229249852186044
0.07395536550996112,0.10067988826233044
-0.05351951135007281,0.11521904479190112
0.32531073534716676,0.11532089816523469
-0.47654322707512237,0.21732967433908812
-0.7970674170617409,0.18349299767197008
-0.7748601771255752,0.1267136544673656
-0.21480033204559287,0.044023936335259674
-0.2774148506906872,0.3270780246549294
0.05203863804480788,0.0062295714471221775
-0.361687774108538,0.11837936119764329
0.48425858658687926,0.1356753588896295
-0.29809993614286545,0.399132574690052
-0.13846821716207608,0.010579582176254267
-1.3019088303386073,0.3679322668856053
0.10959682066760382,0.13950754554281616
-0.2620631135039351,0.004673008502141805
-0.21667261967895773,0.2672584520112719
-0.7074836460426992,0.05739763493307852
-0.8886719285714153,0.0914726111992869
-0.5513844471517289,0.38926399547529067
-0.26889407850030694,0.3906596507837648
0.07601269563644399,0.17899864542850147
-0.4830807499366818,0.011309294324842628
-0.14234821682043236,0.5781249086825082
0.2420565027815089,0.43734783054675713
-0.8092279484670517,-0.013553940430460381
0.5678338799502354,0.30756595999464237
-0.7351289447702719,0.07239763717490162
-0.20797260749641308,0.17774012622650312
-0.5648441551490206,0.04211283710379921
-0.7419221174928222,0.3510155718197073
-0.4173396891602717,0.0850429991488699
-0.1774862697136279,0.06424057838248741
-0.2838963217467893,0.038188086386456835
-0.2350406764395433,-0.0022329744679588644
-0.837697485424433,0.3062781828211094
-1.1310798208853163,0.15309959910588458
0.057984084119183495,0.2741046191995991
-0.3078073831041154,0.08124441261324335
-1.1831628893730568,0.34046384261889506
-0.4004149852652042,0.24545719399310392
-0.5539260614577893,-0.012056496476629874
-0.8054351203308499,0.149291821587588
-0.30209278005570067,0.2520989725141816
-0.4923013505516008,-0.009724750369778448
-0.128910457679763,0.08414922529019832
-0.18622839083254109,0.129327517261262
0.12518381086240085,0.23919016539156196
-0.8457142584953316,0.07063506600859787
0.1922246524734827,0.33590296586294166
-0.686519842641399,0.27770387198640695
-0.3654114277466866,0.21295856180521106
-0.25259353540559837,0.3169421590276379
-0.33511467167750225,0.08436026459997473
0.5885362569417132,0.14006518470172266
-0.8941901749019148,0.4331556376265003
-0.8045795882822888,0.08163916648428857
-0.8048263542803976,0.02754355864975631
-0.12392140017837422,0.07394336497472719
-1.7056327402827427,0.008954585763134347
-0.3936272620854675,0.00994479754595759
0.06775908689835297,0.14582290732377312
-0.5961002710922987,0.28043639041736096
-0.2621043427488536,0.02951675230119764
-0.1646171428672958,0.10619913048596413
-0.38141823498422645,0.1785388112653678
-0.40098301370302514,0.10229115757990395
0.3937281525550436,0.1002266978031126
1.3572039560591254,0.1420907064988767
-0.19397292666059382,0.05198886861686097
-0.7034585170368539,0.128845853337753
-1.1206411486870327,0.13912264741304944
-0.04591441281555804,0.0029358083535372384
-0.5289154161993763,0.11947102675404225
0.21046361860825502,0.09000711024619394
0.025831561531452808,0.23243977738476257
0.693554890749706,0.22954431787168325
-0.40081213105188424,0.3842925231884527
-0.5867385684426385,0.24812285031637468
-0.9192426292746879,0.2021032109024082
-0.6203445954152641,0.013091647700466471
-0.6428676406149448,0.16097295697652794
0.01054512799958799,0.07946183513915442
-0.080543817524322,-0.0022086956775957366
-0.36801278346748184,0.29506379116924286
-0.591406715729179,0.357254777996287
-0.4571898553900942,0.09449841684072177
-0.56174400279757,0.4069283679782481
0.0080974173415561,0.38191885974738377
-1.020351177515589,0.35690158082454015
-0.1623995631655317,0.11565189508505441
0.06382287664163769,0.4297883961333075
-0.7637141577790857,0.4324770839136714
-0.36006239316137,0.12793657282925108
-0.44772856217167273,0.05710593450647929
0.17800112384635813,0.17981587658000714
-0.23199119337794694,0.12760037133062413
0.0064270528504869985,0.050274161454237534
-0.8178633147957894,0.37998883738687594
-0.3694287302072102,0.10020808566752833
-0.17631562648816745,0.14481029987791577
-1.224492451669673,0.41294627152851726
-0.4059041989954981,0.30605383187591495
-0.9611567963637699,0.2697293340333193
-0.14663682630509275,0.25325177975800905
-0.023483577085530446,0.13578701776312765
-0.2137585548308264,0.22187999738310415
0.5045325653519324,0.09680799106639768
-1.1122908366845077,0.4680095736129776
0.6207033293637316,0.07185021037778473
-0.4823882217782608,0.20015795374933892
-0.7219672996314604,0.4072153038964742
-0.6006416643078113,-0.014093043217820038
-0.173584534554435,0.0989888532025783
0.26993029083983133,0.037306252144179174
-0.9919100252048124,-0.0014011344870548071
-0.22977600106716453,0.14676955542771847
-0.6677870870286419,0.0678289522246217
-0.6809194628624409,-0.051865093328389913
-0.043835290210106306,0.04957494236737577
0.01069582054510797,0.12306634071832713
-0.24467277783971209,0.13267217849694019
-0.7333170749947868,-0.004314665052227054
-0.15469043342848038,0.01111903589926182
-0.9672029745230624,0.22690893374276658
0.2553401495600149,0.12823375033159648
-0.9673975195962431,-0.06227780312355171
0.05854201978219123,0.1604816124804642
-0.2265143431214541,0.2523931046610638
-0.5371438253573104,0.21209115101633033
-0.37828910653873754,0.12646012705741225
0.6274115976362804,0.09464701369175502
0.0094117673370286,0.03641495497402968
-0.09273639998074193,0.08869679506937361
-0.5881872280322805,0.04749055301612446
-0.3394591500435292,0.28462042205307575
-0.06410802282240277,0.5213228396078294
-0.2873528046153605,0.08331931772156762
-0.6572265107435714,0.11451966242006384
-0.24604697270711384,0.24094457156565566
-0.7094311028656848,-0.027092587029156977
0.2919485166227728,0.03948694531535903
-0.09393896372877093,0.15623866832604555
-0.3935202160123427,0.0859721091286672
0.5108327733529636,0.26013725653735853
-0.12666659969392643,0.17343607931015526
-0.6558979195404057,0.012905717293699274
-0.537397898624302,0.11122096350422038
-0.6530834189775955,0.21752255013793464
-0.7074241763076522,0.17422535396097605
-0.45579150133434854,0.014347193151298343
-0.21352027376380536,0.12883339402807226
-0.26999750990040144,0.04149164887168487
-0.5949711397168663,0.3453615421409174
-0.1999788236402626,0.06324878843150451
-0.6252301571211003,0.2648912917294788
-1.0841997681231859,0.007184285654454266
0.048212599261701676,0.22638223960872111
0.15067095469742203,0.16515781766126597
-0.2371546527335726,-0.001515240163913302
0.45211110830331,0.05021290482756016
-0.09353145423955472,-0.007489866080076679
0.26978740627096764,0.2052581662932243
0.17508921996155044,0.04910482567489861
-0.8558890390024656,-0.04590160306330521
-0.07659654830433048,0.2545436477135892
-0.30904205962116166,0.05326240008500976
-0.661612355211993,-0.005166921337884529
-0.15618664926038237,0.06864854320859816
0.3028827532989502,0.11238077993881898
0.18423892236740178,0.2430507669395331
-0.1699037360288952,0.16532452391107696
-0.2880618707950755,0.031991628665372314
0.16968671270297467,0.04853715515972193
0.33762146999866294,0.24521482637052894
-0.6927977683866308,0.4120934823165665
0.7355802918952821,0.07735782186019526
-0.10887074643166429,0.5397144882138291
-1.0967230606202099,0.12798321949678526
-0.11423764213878225,0.18452571794589193
-0.18089599839043613,0.2276104743027028
-1.843757686213923,0.06587484459929821
0.049634334682702695,0.23292812415472391
0.08264953846416806,0.07753826092891389
0.2698927415202198,0.06217421467461603
-0.3180514102345644,0.5112655161202688
0.08936440993457564,0.17114134216700264
-0.06498472283728923,0.1887344369040063
-0.21806908626308247,0.1374216987618587
-0.4131043651672492,0.1576333441123284
0.17451606840805245,0.23420694029490458
0.2392498584396569,0.305641980570301
0.22940873997765315,0.6209280395239404
-0.19952280955505325,0.08395657587774254
-0.41300079342870444,0.14958490100574048
-0.1712838160643781,-0.013379349102893848
-0.4726757762856884,0.6586592198426224
-0.8451398029294106,0.04355710979305769
0.14070226257850307,0.3199690197988696
-0.04953553895187369,0.061791447774059996
-0.3473701321627885,-0.02978493155132189
-1.0294691595224699,0.17663117426782002
-0.48660030631505846,0.010564163786365427
0.011126069002103195,0.2221989600677304
-0.2649873243461008,0.47614037455186065
0.35854216826285185,0.08098368491414086
-0.35437971411231434,0.002782554438908586
-0.10333643267308482,0.03634477952661821
-0.6473277871967248,0.14648205264466255
-0.2498208429286171,0.337887379828314
-1.1236951953704488,0.3324982439749109
0.12672391302237312,0.16390666780649665
-0.21062457113604868,0.017491944525809783
-0.26285493499722506,0.1649722101805277
-0.5474430067027644,-0.02846458669903312
-0.13516534531246022,0.021010093370226624
-0.08270687646310822,0.21005040662558516
0.025091699672215702,0.12391448471499741
0.4240841815307469,0.24944445228163142
-0.9524653151722541,0.14859547139849577
0.03164412074775345,0.07964659825700994
0.2584064910513389,0.12054309115652798
-0.17082155595399168,0.2924397220581344
0.35763372046339886,0.14404438452051338
-0.22121730647052187,0.12134289529993995
-0.15952158348371734,0.02193718061318593
-0.6488803712881622,0.571933483328555
-0.21825475145318107,0.4012568840579452
-0.4848413738963787,-0.03602772302833706
0.33011946745427984,0.12340800353571474
-0.8328575806189626,-0.0556144416970054
-0.062495950571625145,0.02930999504051427
-0.3462036448082735,-0.005417788703708473
0.011230977657008024,0.16075068651903635
-0.05247506707677981,0.0732329659071889
-0.12369623890162855,0.06848312508196584
-0.39170759722032905,0.21347513980128177
-0.17974057004601687,-0.001868085377794986
-0.5001290555020899,0.126705752730317
-0.07592504239104989,0.13610000073979686
-0.3514860100830257,0.03687051631257778
0.0670714799117315,0.09871421840778559
-0.7096993413134296,-0.05109345837338344
0.4048365801552283,0.3244811411883428
-0.2600960511578536,-0.02213604945400277
-0.7387981430314642,0.17026972836965953
0.7034118049566317,0.08393317103452336
1.467432346208677,0.1334075662135977
0.04174478909996255,0.12464263017901539
-0.05873701081221825,0.011610835042551912
0.07494262994374672,0.04152679840864497
-0.1424298768381802,0.025929514185681162
-0.4552298270660842,0.09080140907307198
-0.2825035917903678,0.4576256143644396
-0.17155014630586027,0.08023422701466594
-0.017652685132305227,0.04928051448306271
-0.10802815207644638,0.025758019890994067
-0.9175435274911001,0.2517217634621864
0.5843527489019842,0.1350072782033917
-0.9977361408912252,0.05536741791045692
0.21348803657346865,0.17601136435287032
-0.4909108937248174,0.15387058351220312
0.1749093686442908,0.04870285561813319
-0.02978246089217307,0.07392186307948913
-0.7350345958373603,-0.006008682463506962
-0.060115311675840624,0.4110175239619706
-0.8558854704605618,-0.07178188927359798
-0.5927968464339034,-0.015854416087461406
-0.1126342763288292,0.03465855745969965
0.3483637392782344,0.16602491382014148
-0.5449009098192696,0.3168127713714791
-0.31865189540135463,-0.026097411885120117
-0.7544862161793152,-0.01874598449912723
-0.15446126343450006,0.08781866845023091
0.7759017051656801,0.12470837638598337
0.09964926955382428,0.1922231142087953
-1.0027583670414024,-0.00454389642096751
0.25984971862237494,0.21748603576375647
0.12761842530474407,0.15204549138976775
-1.0897706255115986,0.00977727243115203
0.20652026251223787,0.04011029083789033
0.1359839631994988,0.10588797586558282
-0.23007546566968395,0.2228941568103676
-0.16174436734658693,0.08632221027329395
0.04116689785844669,0.17834380798091248
0.6180685553996855,0.20666923093697223
-1.120983600511953,0.12934289091220624
0.2253785666762003,0.5207542494291578
0.2718730099384353,0.1978959182679623
-0.07072059785876979,0.049631506194177284
0.20079508199202145,0.017746959475128457
-1.0137100717626035,-0.03695491388538732
-0.8537557417732176,0.006766218248354852
0.0230867893123132,0.12801340347583468
-0.047430208349008074,0.21659122827837812
0.14368799677549457,0.05550044537692475
0.3445183037556392,0.34719941631815376
-0.22704835085607514,0.1329894543837126
0.5478882385248205,0.1840697757285974
0.5784895506054242,0.1351164487228987
0.06201800517306866,0.28806762644117795
-0.3884904536583771,0.18708484272461864
0.3737093294414394,0.31402605153166924
0.4239094587325284,0.17878553259932223
0.13268131536074868,0.08658954354763676
-0.4063291068099285,0.09046279782513982
-1.4532105895467549,-0.06147397390055659
1.0779402693231204,0.10021904207852411
-0.37643876129813053,0.28557692808468227
0.07341851597530498,0.0068662757385412184
-1.2131575121235565,0.3991376002394773
-0.6043977702572202,0.24603112258872534
0.00866671065390057,0.10063773110706985
0.1066533242519673,0.2034654641592042
-1.2826784477244804,0.1980164295299371
0.09009188131939101,0.1290502876471257
-0.6012121489647381,0.022744820729847452
0.865360893245548,0.1741945920853797
1.5684664184990047,0.28180509655972846
0.1734231887315313,0.16069554365040267
-0.9114839483120074,0.11158987225784067
0.04846854217206179,0.02447257653507797
-0.24435173430406412,0.2907960798429425
1.0467023436872025,0.3526660000147187
0.9113665930621078,0.08576422667616564
0.04260648639193939,0.02529162276015834
-0.21623386619156248,0.1648931913780868
0.22354766628680664,0.5760321345430114
0.07027271710684058,0.011082008491189154
0.46238247944160377,0.3126729860090922
0.48233743778296617,0.1283140375888042
-0.8668708798929856,0.37063818565692547
-0.16935298182434805,0.245106544884676
0.45111448031104906,0.12131925045959681
-0.29455550051971235,0.13370471672985898
-0.7131557172092061,0.09830094549599691
0.5082918284926835,0.05171721800652493
-0.2328663369597424,0.00695434250179139
0.18325229722618405,0.09252805326698918
-0.3557039731162326,0.3940330537939444
0.5883759625172525,0.2805249801662357
1.2283786159054468,0.43620273011428073
0.0474602633514269,0.05500012247480942
0.34733355447584124,0.08345360093819984
0.4282757162502208,0.07352221593559573
0.11748336355842834,0.10054894447931098
-0.2935306169659258,0.07001784600335902
-0.2653082677327391,0.07630200165834274
-0.24922224668409534,0.6396733740432599
0.6332548135433407,0.3380872742025522
-0.44612144073181187,0.17846868790307682
-1.124008433774225,0.25209072466032095
-1.0996585988584413,0.4103319695531965
-0.4997625645156383,0.2847656298169649
-0.9838709689813665,0.07243712775162088
-0.2391195604071416,0.15470187412756234
-0.15544456074720167,0.248428005185609
-0.19653584894342555,0.1152418086854864
-0.5509031953116682,0.1387524078396286
-0.5904202409063392,0.09826652053306903
-0.9614601481743279,0.21946606869907812
-0.24844781065288396,0.26100688091738833
-0.1054846193117113,0.16240077594408284
-0.5215035685140587,0.04815980329820623
-0.41622558172146534,0.062316185253964776
-0.20513545293389446,0.02120141728413927
-0.19252722851817786,0.18975433168596764
0.07308054126356671,0.24894456767914558
0.02764393165146205,0.27850180107056793
-0.03370295687200911,0.024478267896832436
0.36869513627571493,0.056274006823354795
-0.13906035698696018,0.2637093847937247
0.12442172905366554,0.019964423841877854
-0.26072781974633624,0.285824738355351
-1.088821236598099,-0.0032654348855951218
-0.3719206313535004,0.061540861313187124
-0.2813785526861264,0.20080162781764316
-0.2365337114299166,0.1985050057865397
-0.05617093564383125,0.5528434599519501
-0.42571868771680127,-0.01714376662216224
0.07981574442893352,0.11617184204880787
0.9110662305252129,0.08273883196048086
0.30270359957811416,0.25061401049776055
-0.6562675614112242,-0.03213818604277091
-0.20404500965483516,0.36893827500005333
1.9703242354182569,0.18038431826744103
-0.9895199949939071,0.18894012607587066
0.06507663694252167,0.16013770953201664
0.4404388210075171,0.19788435186510217
0.5437325730832232,0.19581701588669498
-0.3575302371253185,0.060213066000813414
1.5195361094574038,0.29140070058072814
-0.9258019930601993,0.1480463552507439
-0.011999812867039817,0.3987839349775464
-0.41983296321102237,0.21516350049990796
0.003687044759355668,0.00034964057412028324
-0.26446544829642865,0.4937776215269211
-0.0230835702060694,0.03821773199566001
-0.2599444003837278,0.41965053991819723
-0.4635183248546816,0.12317524327256066
-0.32407797118594395,0.3119526828264582
0.30528717449517195,0.6255238121121708
-0.06159686578828501,0.005835136464661917
-0.47349834756689024,0.34138012126513406
-0.4624747693235531,0.09528499389390764
-0.5100813315823977,0.06418533518442059
-0.8046483042830382,-0.013446421812545163
-0.508400623049074,0.07776126483672713
-0.14769001969287987,0.3846427357719157
1.366100661182098,0.3671418321384665
-0.6099763815661303,0.061682718952989386
-0.01009935654973243,0.2696096055585523
0.18584209688429662,0.0836964165439558
-0.22612750839548612,0.03587825564810459
0.274226438146612,0.32289968510120437
0.7000555205565839,0.1844374851022018
0.1614464570177527,0.08563619258920067
0.616624599893712,0.06101580920059698
0.8152503628665498,0.25165185738948914
-0.17763668843204072,0.13839232594772594
1.0903566505284614,0.14102724427017954
0.348711545719888,0.11263134667684026
-0.4881592946467206,0.07403911339121123
-0.09373269866408371,0.08638113624140656
0.913224570429044,0.13809433253398667
-0.37627963972694906,0.036599446561432804
-0.8294414319076596,0.2252960827326776
0.6936937400014167,0.06701556045582191
0.6166695388522351,0.07471813705126375
-0.40435224024868316,0.09716639979794364
-0.9511375395161656,-0.026859697794535498
0.6373219143141547,0.18794440752400848
0.06328222634839431,0.20850152078554857
0.7627379960199044,0.07453484583668307
0.24643894101917707,0.1304360494083296
-0.501029705620615,0.012364040369038973
0.351222219352445,0.1902592430741013
0.027862951524223623,0.1122966828234701
0.5380619873154289,0.5377586511370024
-0.9072541287943865,0.04305458732905073
0.2489616132417887,0.1705544407228125
0.8768049357396581,0.12246663084047268
-0.42655904930829214,0.08449342852459905
0.5633780330802666,0.14156272761582225
0.3833756174799351,0.044057378194705205
1.4032881934894657,0.31874328036357663
-0.2553444161179386,0.0979942406294202
-0.22229467282401416,0.013805252301489018
0.5205945022560776,0.14548952196054465
-0.10619689514143729,0.06293086829775695
-0.3804990671156283,0.09743022210187346
0.9944762127361796,0.17570742479640236
-0.09616927297606889,0.28072571842287053
1.174725226361956,0.12107034024642718
0.9315496224625001,0.2619356862939477
0.31663320721460053,0.05208653076034257
-0.743382562850232,0.158608078650039
-0.6939291083355239,-0.01981539745037558
-0.6446333928646191,0.06871868501583482
-0.5275166278446457,0.1333186046990443
-0.5551838533000931,0.19902699406469707
-0.43298084920249996,0.4087581820619955
-0.2924772624249754,0.1267146280590657
-0.8272807257945074,0.20348779706662365
-0.09183475078700168,0.0065372460270374955
-0.5677928189751735,0.0021098021840492303
0.7137322199572239,0.07782404779857706
-0.15537409222189041,0.04150200319630964
0.2944653615532599,0.031388039768688855
-0.6954835847996245,0.04648816468178995
0.08146421781724689,0.22384674971336724
-0.22440263270753621,0.16106305986507718
0.004590481079474375,0.001280721104798786
-0.29180903327793867,0.1678932222872103
-0.2540906786476068,0.029662075117939068
-0.9243213023926298,0.026557031466614606
-0.5883371067809726,0.12773820953854972
-0.5525585055823783,0.058813756234261744
-0.6054121542434322,0.5782498609138844
-0.021348875168761428,0.061545850133028976
-0.4839361532634983,0.21613146628774857
0.020549520348888427,0.24461385137080915
0.5766750729201415,0.10843685940408211
2.0853371730016548,0.270373887884594
-0.42623199593472805,0.1851460544100289
0.052090037554476235,0.2291075569241125
-0.6477364536347325,0.29831128008138297
0.1182549965241346,0.42559673835457035
-0.41288003267987816,0.047967078218622665
-0.07622119587223021,0.005908421497867638
-0.5794590554732489,0.5491682582385256
1.095110051939949,0.31319973563561393
1.5064226860827887,0.17981884621300837
0.9035895459446659,0.18157087883770273
-0.4349726727329043,0.16156076339549436
-0.5804678859503763,0.1597195699308325
-0.3470917209732076,0.20902909639451014
-0.004453576938143234,0.0537973354298946
0.9118783351579558,0.23229322148189144
-1.0420554193415437,0.3396919638138333
-0.19999991498959657,0.265468622326038
-0.010283925859561822,0.24485519826619084
1.5333408075587454,0.16440941705173945
0.7601841690711943,0.13742690713192562
-0.24327320841353825,0.4869384790913272
-0.24086772281946034,0.2989332537903789
-0.2382640030746856,0.12380118489827287
0.4627141201078166,0.06387021938098393
-1.3189477658208797,0.3144617830355452
0.7239121601004144,0.09728523244390538
-1.453064932556103,0.3822780873662496
-0.4872847615603803,0.09530370732669442
-0.18530489097662378,0.09799902254261826
-1.319745765706492,0.3924691788993969
0.8918318334796347,0.25386760138564707
-0.30828255658480086,0.145496017266579
-0.5023581920952591,-0.01232741014558659
0.2649064429257649,0.11512046309244149
-0.25443844208073346,0.18094145756593974
0.9186211090297083,0.30680326060311863
-0.4608977028707778,-0.03280992463617021
-1.1189791248092689,-0.04146156412435073
0.24022155415738008,0.4574149591496134
0.9358281031215722,0.2842284925571899
-0.8846387155170119,0.5047586995334635
-0.29846450316793427,0.1434652464386633
-0.17000354078198693,0.11470637439014889
-0.44476707585224834,0.011022594159683425
-0.12075406010377919,0.4336476018184849
-0.6304802768743502,0.23092413421428154
0.6527648480711267,0.158479865415626
0.89493104718038,0.14995347205159532
0.21459713347857098,0.1794109334841272
-0.9756990612574746,0.06734348624604548
-0.11249720583349038,0.09052537974998376
-0.21874213650675856,0.12652408209756463
-0.8676865829075356,0.6181096616045195
-0.6028001127544759,-0.03031244007820339
0.004490113960946923,0.15470324960103535
-0.008981785124135184,0.5795654175729987
0.8262475981986045,0.14508158146862365
-0.26396574107845605,0.14729374986282734
1.772644223614682,0.27801976752411844
0.02039142758939565,0.1558347208158955
0.48931386308172303,0.3999723433669784
0.13271667393283687,0.4923101215742191
-0.7288519479806748,0.0037518085418007554
0.5328353579187122,0.207317197441765
-1.04611327832685,0.045444697638805445
0.5074405429857161,0.18474359448968553
2.4354828437433396,0.6935726657906791
2.064912977467651,0.3569399845062847
-0.32187984885104687,0.057285048093996496
0.6031594066925442,0.1374551466155311
0.7173697840540288,0.2280886466341306
1.1447431907355763,0.12054330988918478
-0.06191952953279988,0.13006696359913666
-0.7231480458505141,0.10144043129289025
0.02682801548880072,0.014092830751819581
-0.21492651408014846,0.17244910678400416
-0.4530422473941556,0.051829827086451744
-0.9751498877811761,-0.02946159860333939
-0.2985873350873257,0.08191515534912876
0.05329799097918049,0.11343059078410045
1.4581696650154559,0.5878146931161655
0.48785606357583594,0.19289608472543007
0.027174082211342866,0.09784200845968477
0.022409212941904684,0.48810177222561957
1.3608723446096536,0.14497423529207487
-1.1727472116738071,0.40627550520551686
-1.5015395209613873,0.30772290166030436
-0.13680692574138348,0.18877980556465845
-0.5209511235669099,0.3622244873779723
-0.9630638118845213,-0.030819820510345677
0.13141375145831027,0.22696633322707918
-0.34021814688723495,0.04078913952441961
0.22083651237389232,0.10652077075218853
1.3269858672209773,0.27102198408761363
-0.612521134685318,-0.03397707634825172
-0.7628154620575239,0.09116859351614795
1.6432202620161978,0.6500060237582544
0.007845881728311648,0.002971755369548952
0.11117694327454662,0.16820493078871254
-0.1892580568910823,0.4782943846176457
-0.7269985445491745,0.30853050317438013
-0.22385025236000025,0.4191357516328867
0.42662460806096253,0.19991578444938085
0.8785296158549816,0.41063580548681494
-0.5939500939688874,-0.013481872902160885
0.15403313459254617,0.13695939199986368
0.1407765465829952,0.1242471739293241
-0.16249309523002597,0.17644265106634233
-0.31737939421905087,0.005538069698811382
-0.14740772302969388,0.01211259772654169
-0.315495547995233,0.1404901634863385
-0.2349226842800495,0.019069598857136504
-0.2372949795298667,0.053816266470402975
-0.437470101271057,-0.025015746270041148
-0.29343162408727425,0.07468935992538964
-0.5337632561921721,0.021702285689517747
0.2811612993188,0.13251220357910024
-0.39382956622064125,0.07359082577805742
-0.5459588373281447,0.11038947380454091
-0.45458552323582335,0.10042054360661203
-0.0534469878671836,0.13530928692920688
-1.5468168649644576,-0.0001447105622168505
-0.9819708773802034,0.0638067868621298
-0.36995475672194583,0.012724977676921217
-0.26828444675785307,-0.020901763172150426
-0.6380129077299844,0.18586155068329951
0.35713713903629474,0.2576605319362991
0.002123716296183739,0.01892971276897899
-0.361266028014386,0.2821059438842353
-0.29924406693556327,0.3243997923043966
0.6147899180326174,0.4168134159813257
1.2899493309499672,0.1674824055888709
-1.5474077940280788,-0.040863144867629896
-0.19195403497868507,0.08484050078023338
1.1141460794894043,0.36835055449420456
-0.24810306896707382,0.4901366963972638
0.008500991442364735,0.0032235459194501614
0.7949880961202547,0.08902164217023709
-0.5026433162547689,0.07775417962233519
-0.7078639406486303,0.11388697995900368
-0.7256637586909779,-0.021970884936187634
-0.07591847756516928,0.28690131248567846
0.5233279058499061,0.17138646041402458
0.04146723853021119,0.11194982774575102
-0.009659288552916067,0.4244002810858266
-0.0017821699746110782,0.002735413051837358
-0.6391806705303695,0.2973004916100593
-0.7661371403599024,0.43854675180158775
-0.8179859571790821,0.02957129023750366
0.8722284813443422,0.22006437373996038
0.038983150236759294,0.30353808782237923
-0.5848844753970842,0.21224131558709292
0.30089938878695677,0.16716073483315627
-0.17268333244379871,0.17169777875017006
0.6603109804121928,0.34180695156358676
0.860381690333726,0.305334040247198
0.15997210977815926,0.23350782426754055
0.9266470654243667,0.13649990167046802
0.1941000122677866,0.02985557541606899
-0.01031874435357296,0.055098630018341185
-0.1441147042793639,0.1262355188810685
-0.010813869448772618,0.1212789580545148
-0.024156836056865697,0.574674282833172
0.0041905762597187835,0.0006823373757471709
0.0071908635892713076,0.002339980649339605
0.016267890465510092,0.007763700263677565
1.3488477755767834,0.1308491460514844
0.8545353179116628,0.16477719358422677
1.411009283971736,0.45847430667386707
-1.0849995747250714,0.01572515058073367
-0.5835069935932884,0.06091691397850458
0.815874220227389,-0.3639872668852762
0.9182850159832273,-0.131990078763512
1.059891818707869,0.13526420542117434
0.4080147701562632,-0.011237796128987553
-0.004306229394246749,-0.006117912527214061
0.020738594626070677,-0.017681078211169602
-0.020509802008913124,-0.012762655828454667
0.6814071184287562,0.04406960189007453
-0.26898515474561624,-0.09915549366440146
1.1022068290390086,-0.024555888594200135
-0.10360800100634542,-0.028357742225114696
0.7184053322899395,0.07721229581668704
0.15576512446494106,-0.2130084457050877
-0.3654987124877011,-0.2163573493347678
0.8477665013564973,0.08324596385073887
1.016550188395988,0.14929011949187734
0.747308805520046,-0.2889283433039459
0.11115757671559023,-0.016465771429451236
-0.8096949548183355,-0.2545862776701882
-0.45572652111029016,-0.1042168608081877
0.40030647237484845,-0.2187283462116789
0.4747915662700302,-0.3094672004416368
-0.5471191194507116,-0.1402745845227324
0.6635310019548037,-0.15818020949260583
-0.46592773427063,-0.23481024743527804
0.4238423013503715,0.016386017520086157
1.3946491276056627,0.06991317174547809
0.5264646032327098,-0.015953774124761295
0.8842101977760478,-0.12122084989348637
-0.3798984640033889,-0.35627282941271743
-0.043813977418414286,-0.096885616199473
-0.20413867878997163,-0.05405289509525346
0.7320782111790787,0.07119632219424427
0.458038440932693,-0.013628239264989713
0.4886729759863457,-0.2480408091789615
-0.09065301678031448,-0.048634042054523
-0.1785336058346582,-0.06462444855721562
0.628777514030182,0.09733827627547594
0.4142479187325371,-0.13854962729502626
0.619561767039746,-0.13258065848692946
0.333783644920009,-0.18797645955709205
0.8812173433892354,0.04456939538323209
-0.5379722009513024,-0.2587888421983236
0.001589225228150547,0.00012894567321823273
0.13382032574630828,-0.19663483206144652
0.561500106058452,-0.04167568583284451
1.644135757871268,-0.033815242853165936
0.1050684357229058,-0.013138925619893323
0.49537787816387635,-0.08634734673468113
0.46170654462374605,0.051767459619622855
0.5439223604764385,-0.17949652455967427
0.6084335669728974,-0.253823290171254
-0.017154938344417888,-0.04259231819371271
0.9235834606568917,0.022737834629785816
0.5725689869640203,-0.1551140209140623
-0.8069814065135662,-0.610743734965885
0.35588101944387346,0.017783416619022864
-0.2947307534662937,-0.152801166356164
0.4078318399301101,0.03461427690114263
-0.10256472688369508,-0.1984322155060665
0.6876226926879552,-0.0011567425807485175
0.342114960581877,-0.3611239747596117
-0.4103689114224204,-0.10482353381618076
-0.3483781467807807,-0.30892184965655994
0.0026944262156613427,-7.649419843897001e-06
0.29754608386478315,0.0026922450471217984
0.38763929194500646,0.03223512915816891
0.5607312114598585,-0.10456898604678948
1.0192377972514393,0.06418614574062667
0.43991520684184593,0.027253725647913646
0.6599046171549713,-0.12331868505158369
1.1421172479186046,-0.11463983441900338
0.04136952292956093,-0.05684283677061361
0.48332115328762415,0.08692530277174203
-0.00014797737253055042,-0.00018662973174022075
0.0012020799308784993,0.00014884541414368933
0.8121927924397658,-0.08514146043311192
0.4870290292507796,-0.09792446352230205
2.4507837527962373,0.1929175205407418
1.8344501798798767,0.046993774058145095
-0.010884802217922599,-0.3359974763291056
0.16388485688115376,-0.06028973359100584
0.3196275469118256,-0.3817832179068607
1.6338124472312312,0.08806131516513688
0.2332904926874671,-0.15171131798424953
0.5547024386666071,-0.01627549450787008
0.7982114669755012,0.09633964203633062
-0.12451832691350252,-0.035263434597153226
0.6921663781746774,-0.2515692273954084
0.3846634449813195,-0.08288239716908789
1.3489089033609205,-0.044395613801986554
-0.36015897296138183,-0.19249004969333233
-0.21154335526949267,-0.19121263586437431
0.4939805517032216,-0.06028610134163064
0.7928808936382341,-0.15985976208308336
0.8940115849834608,0.12579646562088936
-0.3871472771820416,-0.3410551412244546
0.9898860366561525,-0.07480194738711722
1.116651769724232,-0.1686496539309129
-0.038787048987081185,-0.04408549639356849
-0.047698074709432166,-0.1499398560150917
0.24879298853009268,-0.24593841607161188
0.17362857148649236,-0.02393506363620374
0.6078273283932852,-0.22926960556831688
0.2089843845220519,-0.09845623092488279
0.06923506620154792,-0.1825069617543938
0.49149785834101023,-0.03281219544903925
0.3578360696045475,-0.0476861227483714
0.0018316810934955541,8.195705996066179e-05
1.530594382682291,-0.03452714383508554
-0.06558931131316464,-0.0208834114631586
-0.5244754548306566,-0.21868261405702524
0.14734859899637937,-0.2410898354661654
0.4475089078374636,-0.31160717674313304
-0.22992434803953368,-0.08191232836106419
1.0073646771921962,0.06861815217027917
0.39161938171568617,-0.1486758589302163
-0.566569074985125,-0.10984848923743364
0.13400179231409562,-0.12101848968025165
0.1873614271984988,-0.4299892347593814
0.5215534872915203,0.07603065044987824
-0.1051263328482185,-0.1963763465573868
1.2501357357681848,-0.27871014693956003
0.3007593172289026,-0.05387913361284989
-0.3795643977452802,-0.19793759029509075
0.42682149337383196,-0.17498337964421348
0.33750124722277636,0.025911685794427073
-0.12222155262777648,-0.02552810018970359
-0.2496337071666814,-0.29968939364646824
0.6993734403763042,-0.04097708639601084
2.1149940770913944,0.20777532905062776
-0.6090643405083102,-0.28678307581999507
0.1915196213154251,-0.10974849028786542
1.375776066046677,0.21596078608059965
0.1564720097934623,-0.12214074073785652
1.0458027644437602,-0.11347486241912928
0.22413298509108912,-0.36954555051551835
1.4185600818283244,-0.08608093794687965
0.3167341748786783,0.05095511188928538
-0.14047676388947414,-0.18043908412195112
0.44221414228670275,-0.07123085672705073
0.22680402680431344,-0.04134041112164102
0.2915182488145493,-0.04030527427670622
-0.35016972362723786,-0.11998458854099495
0.04660640932242412,-0.04554517953717629
-0.07642597172866758,-0.1020727276604305
-0.7595017644342479,-0.30149495605188686
-0.4892695636608757,-0.2634697528733734
0.15261889204263634,-0.14979032536522743
-0.14127432080477229,-0.08343550327568902
0.3195782173381847,-0.10967644015284474
0.1266479924929972,0.01255752564962573
1.1120320935369399,0.07965583959362205
0.9720740464968727,-0.16776437586713586
1.1743329953388768,0.16383984768744517
-0.256865860783415,-0.19240638185419806
0.11858253786885199,-0.05452862969046536
0.09779055753419552,-0.03937535994137143
0.018760751865453125,-0.255528700131769
0.8442714013382927,-0.0528404022831508
0.8222745944608273,0.051726310955844
-0.2560612524390321,-0.17541601955784092
-0.01477350841659761,-0.003114889300321123
-0.11798459633337825,-0.28194577309082475
1.0868439262864393,0.04404021130251701
0.9546223199609625,-0.10733545994423224
0.05323514819224867,-0.19541927979691665
0.5444907542381168,-0.05488290036923131
0.09448317288295198,-0.08023752163471647
0.44153563166999266,0.03616795483794038
-0.8216060495850914,-0.22238059971842838
0.39692401982365727,-0.19042173102788854
0.16129875985940115,-0.21628661530945698
0.6044501251676854,0.09735926507040699
-0.07265672018083964,-0.18537191359662306
0.7277672693173385,-0.012907721112486012
0.0450144500522853,-0.013962677871302325
0.5335953139261064,-0.0010330505691862272
0.18784433062132397,0.009739543767827834
0.3889575637862707,0.026211563230969005
-0.2530008285282961,-0.06639497988558117
0.09382204300653768,-0.007790326139711302
-0.3617222517529505,-0.09639480019667533
0.37209854160746425,-0.1135797920379948
1.5766650347252418,0.1991227102996133
0.49617688775407315,-0.41457202523257997
-0.14984962463087598,-0.11932200732020963
0.8073937848563774,-0.15922546651983036
-0.49671840579304893,-0.2876278168276087
-0.40988789774143986,-0.15790008418420812
-0.01947339525110926,-0.0042501351995947656
0.1990069952745241,-0.10717782604355723
0.2079985193918861,-0.17820091845686423
-0.26336550794528196,-0.06598798187134483
-0.27783436051169946,-0.1344077328698412
0.10974341637344719,-0.04324823667040945
-0.31179657527696947,-0.14158179011475294
0.4351628744728494,-0.16593294712254433
0.09931097883241617,-0.2217904552749168
0.6162099260985744,-0.11053255827537227
0.2194799557645285,-0.13655177212623482
1.0391548896463323,-0.14476480586532506
0.011114518761556447,-0.06344218678559783
0.1605303066132133,-0.14979083128467116
0.29634846443207424,-0.2176167911518234
0.19496694407107312,0.001624961328857695
0.017962702981378587,-0.11455403312863005
0.6771850683863073,0.058601997764117515
0.9343724582249621,0.06382780340216017
-0.2658124945081916,-0.30772968732173456
0.3176869479186781,0.0513479177676065
0.7234853542450246,-0.16515804859334549
0.0504594414009517,-0.05969750293355723
0.2578740565375869,-0.12435508638979913
-0.20360990801013687,-0.18938365233829263
0.5932457944775742,-0.23861723666674406
0.5751010131805666,-0.13202505569325032
0.3035218437709393,-0.04438509572359662
-0.15251773489563478,-0.22107009719754786
0.30229176030105487,0.023407131407310374
-0.20892821471823989,-0.11271276281225123
0.1835804324790146,-0.07162356773733859
-0.6719642714424718,-0.12473838781590016
0.5074486144961677,-0.013069692627935985
-0.16265332342625802,-0.19894781062682995
-0.6806723060096328,-0.15382466467664344
-0.1777038799402898,-0.2816051848816739
-0.31309623086651944,-0.2650258415241842
-0.585069146961045,-0.16099696297054644
0.9392910306115984,-0.034730773783822826
0.7217040676930124,0.018286162421851285
0.3258970200417878,-0.1297279273362374
0.5482848595086574,0.0278064647902589
-0.5439770994632545,-0.1002215185074956
-0.12047786795007395,-0.18938737107467687
0.30939219202283097,-0.1679105147957925
0.4767722070874072,0.022196810018515183
-0.3277267283797111,-0.06372167609745066
-0.14612215801112882,-0.3470602928681931
-0.24717390821626792,-0.061678035674384
0.03181655461800952,-0.20681783030218248
-0.15289223345517003,-0.0715888733415831
0.15870827434808835,-0.057240868952376255
-0.23648052377654669,-0.09130534901999533
0.5574155577178692,-0.09744414901295524
0.006172778967248044,-0.028705996835669944
-0.07498192447372705,-0.24420933365999614
0.13745252365179958,0.00041097220758448325
0.04646936893013534,-0.08449937740048137
0.20115582563650788,-0.032605161064754314
0.394589034526003,-0.06290386138917359
-0.16067290978229765,-0.041753687651173085
0.806351525727608,0.0798854729616711
0.3656121348088285,-0.11880474549174112
0.14089407976839727,0.012530616057968864
-0.18517648581233206,-0.08392030401577713
-0.6030224643263561,-0.11111329683870297
0.1617451089667643,-0.05616141818411348
-0.025230176320763967,-0.17311136858998788
-0.6292554200816155,-0.5637839616960812
0.33354572273804817,-0.16206198415446732
-0.134556582566236,-0.028889547910136665
0.1508743651410176,-0.08385793575219758
-0.14750226451294568,-0.09072035971408754
0.12949195744788983,0.0014730961628092003
-0.40583135061311815,-0.09166459398730747
-0.03836144769432956,-0.16327502450206338
0.4158566259348661,-0.1705118958746
0.03451433420946475,-0.11514526344671148
0.18560883425590002,-0.042054533702186245
0.03925804999929177,-0.11141496049503016
-0.1951177423648592,-0.06805742703679453
-0.19818055047997898,-0.10297737930354135
0.009056797321666653,-0.06574140575288356
0.16427783857349096,-0.12085800892692394
-0.6906800404262005,-0.2203025807059345
-0.006818462102399626,-0.031565950557446674
-0.5389256609470359,-0.19876893104923266
-0.4714525885993496,-0.10438190521524379
0.29171942636907583,0.0021008515600296524
-0.13218683917890334,-0.0942392496903931
0.10087535739901467,-0.0016418622337884758
0.3955853540413886,-0.033249086369779884
-0.6025924360066508,-0.16643806993629387
-0.18154291402459366,-0.2506610864849512
0.28370022235661563,-0.018942804192537327
0.8614968507244763,-0.12191698710607211
-0.14707237004334028,-0.18942943795281852
0.45375372776598183,0.003984775104822655
0.3981806615204129,0.05500497160998695
-0.1009799018330528,-0.026187462743637594
-0.20885972827300955,-0.13422652011572742
0.3185000432082874,0.043608384396546386
0.5892924917889246,0.07115145306960233
-0.619519978342389,-0.12379720862747152
-0.23222998402210518,-0.05029485519510609
-0.28947574059740344,-0.08232934731902895
-0.0662507813222676,-0.09321732411271895
-0.048393715766519144,-0.020444068026154293
-0.45222443968989223,-0.22290502907518095
-0.5803201232463037,-0.10820087048390693
0.1903162260301001,-0.07821692135849855
-0.3456895154646933,-0.09143227064713416
-0.04890054170436408,-0.07391012902254464
-0.4795548384230173,-0.28065791233036064
-0.044234509320190775,-0.029797855984400632
0.3543076690404609,0.05491445498608493
0.32425380172096335,-0.17582495267093376
0.1394653018250165,-0.0005373628761973696
0.6186116231186124,0.02244787047940927
0.3425460309865375,-0.4000560233936492
-0.3264704974852619,-0.08969317110613975
0.16770528191296055,-0.021647372781827528
0.9413558876667156,-0.41106666528779523
-0.29759898032103677,-0.1369933485487583
0.11572262204352111,-0.1658891377655822
0.0009070137231981593,-0.00020993884327003202
-0.001853428858290384,-0.0717764673306652
-0.9351016518259463,-0.34216887508540933
0.07131358581443994,-0.002125787779618493
2.1085388756906043,0.18669063514012574
0.44814063538298526,-0.1669107419213961
-0.22835089529071184,-0.06623762618640339
-0.7936273579270086,-0.162154786395883
-0.2677043229736522,-0.10840043573912769
0.41626163633338825,-0.17065895243540627
0.6285361107535749,-0.2646462431671146
-0.7462745372846961,-0.14789258938070982
-0.09386871526820452,-0.1770101781149796
0.27775258106710476,-0.12968756212804144
-0.27297062377988146,-0.06314140633303147
0.9413172019760242,-0.25993809149270125
-0.10094391313845343,-0.06094772918273769
0.5950576253597109,-0.09445803011055157
-0.217383384551335,-0.05426921627532495
0.2866951439729269,0.036660420242573384
-0.1212196982094772,-0.059412170431207
-0.14676863981223992,-0.1326084587162518
-0.49416604572430556,-0.1744028310841385
0.21637733972783438,-0.01731506075265177
-0.056901168705293305,-0.29792691381040315
-0.6196323795609543,-0.16011798628233098
0.03126786323800319,-0.05367987294637588
0.7143104464166998,0.029019219864429995
0.3898769489971704,0.007391875170643493
0.31164480220199925,-0.14334992933224538
0.271799419224823,0.018516701279134476
0.32840514497508677,-0.01730281731275719
0.08960634221302634,0.014748079539956278
-0.34408451194567874,-0.07967986456418077
-0.22959221626312037,-0.1029518752499023
-0.14652225582710376,-0.08295658857365268
0.28442344807960207,-0.06493135674087902
0.46743496185439243,-0.2102456622729416
-0.31589532018502203,-0.10404659503826194
-0.3774220320146592,-0.1741437595245348
-0.2996551740370735,-0.1338750709590492
-0.15212530958858822,-0.09550142329344766
0.09033774438035758,-0.054115382856405804
0.21632384156479792,-0.08828172619571403
-0.01264128594237082,-0.13081949206548135
-0.1576116444526263,-0.03990075567535213
-0.22116726245810175,-0.12253703849091398
0.34543089144098305,0.012989106633693855
-0.3576269495867376,-0.2194158331071547
0.42648120691659325,0.020678171037575594
-0.208301562794728,-0.24344489964935628
-0.24228752098347403,-0.17200467631176622
-1.0449282823205348,-0.23754081764654325
0.3710183671941085,-0.04114282196927952
-0.3156458797172969,-0.10909483225244974
-0.5645917742026991,-0.13796634652650847
-0.4119023008890658,-0.09084555046498408
-0.8298971802340973,-0.19754459681877803
-0.3450387761879473,-0.09897851538540073
-0.6497562219164406,-0.2032693402015537
0.3639333317675997,0.05216584911269379
0.6444130556128108,-0.18423784132259505
0.47680056388921216,0.011534642543819106
-0.38565303509849075,-0.2095025795098696
-0.285482510313612,-0.11257696165080014
-0.5143649357279154,-0.17456326423612648
-0.3186721637264527,-0.09140673004929374
0.15930193601923237,-0.07253129868684105
-0.3085461295686237,-0.11545000729094991
-0.3289714917388112,-0.19489910226465615
-0.3001028990990511,-0.1698147239369631
-0.5467094512913948,-0.1316124001810309
-0.2771126891318517,-0.13092600712079666
-0.14979196367174696,-0.10186529394208205
0.37447371843216765,0.04588814301220639
-0.042990114056753806,-0.053453288104498835
0.22441267155884487,0.013991121906021907
-0.460061970078506,-0.2878367720867645
-0.60951879903531,-0.23538209893364903
-0.4967662195671371,-0.14990827051430744
0.12785893737222823,-0.2391645700595252
-0.06302314744136425,-0.1950862159430566
-0.3522863047982171,-0.3107374589848642
-0.519593390371041,-0.15830300324186053
0.08398359384426218,-0.06090938810732271
-0.04909351230574747,-0.10207593899784918
-0.0356993583668072,-0.01707431372591787
0.23705921896321835,-0.11737965120886089
0.2630443519408764,-0.1059303114476854
-0.2081363406682529,-0.11857593177525834
0.28447812252762034,-0.008663437983650336
-1.0116791591527379,-0.20828744104066998
0.01520721606745827,-0.14855664607607566
0.10173636719053201,-0.04179581749224804
0.4728282611747888,0.013724950788711521
-0.15009562162165485,-0.0565829362897675
0.754356630054194,0.021902858232743818
-0.017679633026047224,-0.08043313326410181
-0.8686198566202938,-0.20193664700171576
-0.18371265881192878,-0.1791257364255187
-0.43515162476037617,-0.30721416911929156
-0.0773682010309293,-0.047596336544096306
-0.3319274641630318,-0.1275846460066864
0.4606690030267678,-0.13716714088934712
-0.35546935176129646,-0.07166034564413548
-0.2672503899949325,-0.0792537131526149
1.0763982839820323,-0.05002706652650946
0.3954196662689892,-0.01492689983955827
-0.21913561319019434,-0.09761116892095589
-0.0468468714075368,-0.06554005664443485
-0.1987440599456475,-0.13386565695533978
0.22929935865135648,-0.11640611430232994
0.0653217302845935,-0.04752518041455902
-0.42272127710801405,-0.11682153128814875
0.09221082724537319,-0.03695789786329757
0.4322140097223114,-0.06362802470751555
-0.3816810068999422,-0.08844308010336291
0.06337939103009589,-0.0035990346750093085
0.03712742561684492,-0.03056587750274038
-0.10652719310322159,-0.11719274094579324
0.35671202828089504,-0.13533496260614294
0.5000823358401013,-0.022459391692265438
0.006610828811927724,-0.10172348505856608
-0.5069759728855621,-0.11813517794279724
0.4229694005896147,-0.1737153348189198
-0.4713284459144736,-0.10812331112202263
0.06396048509676608,-0.14381923101088964
0.09607137025420016,-0.12197390605768779
0.16283385336102454,-0.06023050153343236
0.18046809720076698,0.003919187560322478
0.20626647830857608,-0.05840308570716182
0.29016383757965786,-0.011834443962721989
-1.1213116973153419,-0.45043920841713503
-0.5839770598805006,-0.12532369436337215
-0.13168439629867357,-0.07155061288101101
-0.1845400416036575,-0.03738967483388006
0.5852012567389735,-0.17994925875461817
-0.14899655221451436,-0.12036009071197672
0.05173477014013128,-0.5668229120944663
-0.6599102069840131,-0.17121351050909145
0.14489149568481904,-0.11014394553380644
-0.3829814842519223,-0.14571205591006495
0.6156083019627653,0.04667779936775633
0.04106073549013515,-0.02395864413364929
0.8551114997557016,-0.00026162924662504204
0.46331009683959395,-0.03242133485071329
0.21318426408553146,-0.009546744920933213
-0.16774263300435913,-0.059987144334716094
0.7010709751250437,0.05702648376093744
0.2529492351130096,0.004133209828571626
0.5495810408413593,0.07865113404468392
-0.23375920522083574,-0.11927223156111169
-0.061062762100713056,-0.10373218117904205
-0.3764202220574446,-0.10556202810190604
0.9368492628608062,-0.04934031104151704
-0.31423781044884364,-0.19731772357827074
0.4630148974125763,-0.03473683597791666
0.024377327732715243,-0.1080443958089657
0.07105657469305078,-0.09540555695849215
-0.0701401220452015,-0.032186686096747456
-0.8020934278071267,-0.2361354661865023
0.33241634744946635,-0.09944519544083426
0.17070307227388992,-0.10688398324324491
-0.6145614251576247,-0.17757689118496428
0.5486872140646818,-0.0014997213914423547
-0.33791246571774514,-0.3262991153592259
0.09103796056248128,-0.1375547236917353
-0.18189007773174728,-0.08880110217950403
-0.1651174298176489,-0.07581284359323444
-0.41183066316987355,-0.15790192438468714
0.11838642890216035,-0.08834140877924508
0.2916347883061423,-0.06428952755890463
0.48400486204572285,-0.004860551263099994
0.3630571346520258,-0.12242402408147134
0.7783305961436133,0.06820807295586796
0.6626481348430031,-0.0716072488353883
-0.5335399999513392,-0.39320502191093154
-0.12238368454928425,-0.2355608477292905
0.6730382117569578,0.01623566334634599
-0.6739607541498984,-0.1438433340923164
-0.12015160992452435,-0.3456555748401281
-0.23671631709837176,-0.13842739883363564
-0.2241836482445937,-0.10316338364165982
-0.33786139327613807,-0.16637346230984412
0.7579745499917103,0.048669609386362056
0.014146125284301706,-0.17197857227708485
0.19433511486955812,-0.09649037355153299
0.09287639803496431,-0.05817330429958745
-0.8514250376358857,-0.23086035467875166
-0.17794023498149183,-0.10788563864236028
0.654311085243355,-0.0731803586596999
0.5408621561996698,0.06026670951626692
1.073997902181213,0.16138843050080615
0.01564252948017978,-0.11641134953235602
0.18537866450052864,-0.08884232622320853
0.021578184127615297,-0.060157521256732745
-0.00952061084855839,-0.014226058988889985
0.5065534317373194,-0.06319795021810254
1.1634241355547574,0.038574479193452076
0.8360235101511061,0.07289836249159949
-0.012653574987407509,-0.17724202945964512
0.1324269952392289,-0.08580824787332213
-0.06414574903375972,-0.19830773776614083
0.01642414416061074,-0.03408912785586058
-0.42652918449920263,-0.09218845970158031
0.7617516977458569,-0.02745340929270279
1.0637474322621583,0.029086409212657264
0.3910098275952904,0.031047100909408418
-0.15834840460637833,-0.22516601572501174
-0.16428714760655072,-0.25912574819482265
-0.025708880082959035,-0.04372927966048341
0.007567522946171274,-0.047784935263863244
0.290784113136353,-0.021729469733115972
0.28989168182456726,-0.00920208442758907
-0.4879751846917918,-0.11040666992055165
0.5334327254984961,-0.36091086715614207
-0.7639615955297605,-0.43878906086126646
-0.03987148751842512,-0.016940750930058323
0.5148691136164262,-0.24564116854345816
0.29648179030244337,-0.12822187062144277
0.5708462202755392,-0.03817988828452628
0.0026612482656631197,-0.00010049030043765852
0.17043193925666902,-0.1439640149873427
0.05686282024696455,-0.19945501379559802
0.327463932655683,-0.1106079310886208
0.5125480000445138,0.023253685202035402
-0.33783831106393963,-0.08623491220195323
0.7936062487131916,-0.1335654228504902
0.2800211751686123,-0.11467629322314528
-0.06671480354455249,-0.1265656973846889
0.7423502089058764,0.06689635717799756
0.5147359746408176,-0.08654901635740565
0.44163370969127025,-0.20970303289557857
0.7969931777791083,0.11977461960606982
0.3552021006354175,0.05145962136644765
0.6014924372414123,-0.10573357332624159
0.31640741154345114,0.014387815534296872
0.4736177495092554,0.011422550700799063
-0.0007304440476098309,-0.0004115534275170817
0.2680603088336446,-0.034017644238624654
0.5189309607458527,-0.09696309014364773
0.5335533985349414,-0.21411702721173204
0.18418328812745355,-0.04536119436396659
0.4339292011226219,-0.032017581030479546
-0.07472985014295234,-0.2094065844387079
0.04612068203308477,-0.009734545575137171
-0.29294868162934046,-0.1042488494136114
0.4528439577167382,-0.0026735458165338334
0.5129225843264876,-0.18820239208117148
0.3688754955094908,-0.04904379421335179
0.4507078512024938,-0.08694040314494005
0.37495748564977843,0.04744056440100154
-0.16076254372594803,-0.060082564608082215
0.5599483971380184,0.06529802709487742
0.0888204699071547,-0.04553845633955752
0.5387842376802028,-0.06020206180837734
0.8353477322583313,0.06765494552928604
0.9302718272217277,0.11226496688219781
0.5949340271812793,-0.015431563931447427
-0.0695451021401365,-0.2530386288055832
0.12933683022984854,-0.10157011045699821
-1.357633006495444,-0.31988024022359784
-0.325472573755926,-0.14106278851576562
0.2160992101403633,-0.22936826286921472
0.25335823826871817,-0.0013331954573433764
0.5639718946926164,0.01099256659047426
0.05839698607335529,-0.08245211546196013
0.7653577544701456,-0.163690796247136
-0.24601854099882792,-0.21204111843858814
0.2154743970206541,-0.03480814575465628
0.5376109249395928,-0.0627094870890053
-0.29030489602952725,-0.12696357452190837
-0.6181471946844176,-0.14991137215850425
-0.3521085553685635,-0.2790191028240066
0.4319444289794167,-0.029559003285112254
0.5174024032199184,0.08846690709187267
0.03717198357376543,-0.022628572274683557
-0.4338759527854687,-0.1285357660145052
0.33954931859923454,-0.029075155818990193
0.7413282574077699,0.06024618224298835
0.416827981018172,-0.10589129739198871
-0.010328152823167756,-0.09021614574409771
0.18932617972291618,-0.024301088421938788
0.41198194177968167,-0.06700468045138708
1.1620981113633408,0.03768442919843543
0.19310659149640078,0.027269811952596965
1.237125135690032,-0.13975295192743167
-0.248378846159072,-0.052088397691820935
0.3868382651061973,0.04091822268264989
0.7316999607322218,0.026230123133131965
0.42322862865989563,-0.07259237016647073
0.006004243994055757,-0.5685732321002116
0.9370696433498659,0.14657035710683802
0.20507636658497622,0.01628451706029343
-0.3726712804895207,-0.290070987399031
-0.21867540778417177,-0.1577105092437316
0.6780704108553993,0.09470351135746938
-0.198479091765546,-0.07819382491864768
0.33743857430351787,-0.17758555740971443
0.1934161621527842,-0.05403143012149789
-0.03631871494872439,-0.07325468721620136
1.254655909652376,-0.0533715020387838
0.28280888956293965,-0.20198077913400628
0.2353429623139979,0.0022289300776114733
0.8689740476083376,-0.10778343164324124
-0.192910869227594,-0.12191439010857258
0.6426884052086073,-0.08173527803716789
0.522384472756274,-0.008215211152074464
-0.1178354650908608,-0.14007017203931688
1.0014436930337391,0.08066136528016207
1.0319967342502003,-0.06337976869948748
0.3967165050054434,-0.0339269518507852
0.48708643165528087,-0.05991249855706029
0.28346442750308815,-0.00017096822669359125
-0.06842627355871823,-0.11891793707749305
0.7016080270724727,-0.20529680974481726
0.3232992329959893,-0.030077581577468735
0.0996135960676183,-0.0021203407880286415
1.1095903858631613,0.04868787327069713
0.3135208952979891,0.011182539549975048
0.5027577305062759,-0.10484381799008635
0.838933391887289,-0.21392921990110622
-0.19674786151507942,-0.13586150695077176
0.5099325032272393,-0.0235132157573646
0.5508319684030276,0.058765697519686716
0.08893181909861793,-0.04922888695366737
0.10166017879430424,0.01357715661240313
-0.06730628891790945,-0.3725144082434501
0.20921890737904672,-0.16520475980676808
-0.4202508231803067,-0.1857931040924001
0.026890335022418308,-0.09898594340677874
0.907163447042217,0.024788585340635553
0.5900448160571046,-0.06366337418948083
-0.2872652186579939,-0.20651030402097995
0.5459525447856992,-0.14905265867154416
-1.9515729791867367,-0.5468298352951415
0.5383913636184835,-0.3095635919783392
0.6086681648857437,0.016899155877392238
0.02184462721997252,-0.13057805258636979
0.8575775119141489,-0.0870254789129691
0.156303615375376,-0.010879085717570588
1.2128876561256399,-0.19253541517159814
0.09905791546503458,-0.05641573033049486
0.4738495875832308,0.05626999666329541
0.2897078746426175,-0.0483776077261175
0.09579982196419212,-0.02262831417324993
0.4460494867946748,0.08119945798901917
0.5637562133631664,0.07754783594476648
0.4953140786344124,-0.21259089139400833
-0.5355965267413029,-0.2022956600610653
0.28354316829085174,-0.0643331660521679
-0.11583990241093726,-0.37824077576029935
0.20819469977824923,-0.20203640922158275
0.05392654289441691,-0.2104290034735089
-0.5221190375015956,-0.13616553473387152
0.08928001929499538,-0.010604993752174968
0.5294374874033992,0.07956313595466795
0.14534793084548778,-0.10942503954408771
-0.24981688173630034,-0.2073253328986551
0.9244064698868887,-0.12140680070984122
0.5290586132675512,0.021138983354747436
1.4786122199419671,0.2229772089860332
0.9441399874296976,-0.05616354181861915
0.17459520946606782,-0.2220049114161698
0.17798409747564806,-0.11527668093325996
-0.32085501425628926,-0.38320762138016023
0.3715198482976218,-0.06841880022604835
-0.24067264486756856,-0.07140672669074156
0.2596677407427097,-0.17316488052470175
0.5596944022222431,-0.006326419118870384
0.16542031570773072,-0.351858174272147
-1.024759539514078,-0.26842856460936226
-0.483677485370708,-0.1174631404129635
-0.29404970660194973,-0.14214658708144368
-0.14270038669016658,-0.23799073303460508
-0.3934199195837043,-0.17904842848655836
-0.020021965520148403,-0.1940958741123888
0.1778611014073589,-0.17473613631921356
0.7740140686509936,-0.06081658590572293
-1.233427518599311,-0.2593544729237874
0.26531967439057214,-0.141859056294445
1.5018785372575723,0.27551018282173345
0.3651279449689545,0.03201903186218812
0.5440677962522318,0.021543869116072544
1.0185162163233834,0.026758015995153962
1.0817782719131104,0.1771296274952661
0.4908606868573676,0.07169431576560446
0.0011109776537968545,-0.015247491517055723
0.58510019853742,0.10238393487895737
-0.9502559890427639,-0.25804423515281577
-1.0930049912652506,-0.2949946979981762
0.9662420697791421,0.17441912977275356
0.9287415001111798,0.09890486837593879
0.21570116421985208,-0.10854159490723443
1.016571023476271,0.04402291680121731
1.068899352589397,0.11398951961301541
0.26510443547358103,-0.12528852353440809
-0.16454520087262883,-0.11573976703671572
-0.26516378854294614,-0.06403899800656304
-0.5638480060523557,-0.20026458030329283
0.3181274528371103,0.01646452233058588
1.2747584946134474,-0.08953485240411348
-0.5200969704437184,-0.10294243383517206
1.3737815501642228,0.21571161126709296
-0.16095688443303793,-0.10328378975748158
0.5429650279800888,0.013208645632601273
0.6049240488599006,-0.00845372969333786
0.3069517427088184,-0.2837942529857884
0.016253842267787876,-0.10355435971055689
1.1934680830619906,-0.30795180632445057
0.6194503376091867,-0.08674136875798774
0.34479658884035325,-0.2595042598143039
1.3502187233482594,0.1535396220736896
0.3274191701912746,-0.09566756826137514
-0.12492437922826798,-0.18687394848023672
0.8654694948273625,0.0977857675197459
0.307301651858738,-0.09650662874799137
1.0049660619763205,0.18094611099767619
1.8173325552254047,0.19330971749172207
0.09683100636381713,-0.11116532895607766
0.3406509392714337,-0.05673444755047271
-0.4256112923426674,-0.08180846319076483
0.911832905801854,0.10672631164990645
0.6304338285078419,0.10438968660508033
0.24100102459766673,-0.21458437551727338
-0.33957320719424655,-0.11133996290572434
-0.2970367031138066,-0.05566727619423087
0.08459847408622947,-0.10175218762777274
0.7583674534598664,-0.09536373095643193
-0.06681674926249524,-0.06719332447842201
0.5368344018254639,-0.021226831719170402
0.5249211865855066,-0.09805459507284693
0.6913659657804883,-0.04400366356487238
0.8925738555053476,-0.0388563468216122
0.5371580475822729,-0.048598375216552116
-0.24627498812003842,-0.41661871085299507
-0.06624724955357426,-0.12829977709472276
1.210172466666401,0.006790707801215618
-0.5480504643272204,-0.1527292955360653
0.1381156552689309,-0.22536043961949598
0.8155896489402517,0.01444011514231304
1.2240145546943222,0.07732333727038626
0.7592767287178387,0.014043286138225952
0.7399094909298172,-4.2182243723352756e-05
0.09947199717735766,-0.0827156086090585
0.11380128745213704,-0.09551504983005689
0.3242044837664579,-0.3023535095118186
0.07115887920086016,-0.04942898892005848
0.14680463263184343,-0.0392536629788013
0.853577463652384,0.006468430840922191
0.4927940207579882,-0.1254144765622097
-0.40522843652009843,-0.2505702502603202
1.09336523089118,0.023441217356760566
0.4913495530994024,0.04980205623327876
0.8237953177043308,-0.03402771061868615
1.668406591001295,0.188434179950265
0.24449021631851478,-0.1070674741712233
1.2731961704852588,-0.15570323848326226
0.5661786324610161,0.09306369301462965
1.040497661443857,0.14788753973761648
0.3966076500230661,-0.05642927998597743
0.5764235893428918,0.09298137922217731
0.6958311601039091,-0.31052718310190686
-0.5015026865875761,-0.09607992790970799
-0.11216995513826641,-0.14701339484322412
0.7286412313410948,-0.03443774904059648
0.9217678996216141,0.0205500589583858
0.7822468929728021,0.028669714154397872
0.7026756067702582,-0.17205412218399935
0.019168348805808037,-0.00728060397664691
0.3799967718494327,0.02871422594970098
0.22000321114725777,-0.02295524086178111
0.477343336565585,-0.41217461811280015
0.025041320244780497,0.0013066966197946988
0.1537990139015652,-0.2930233881641396
0.5433969468252503,-0.01140727420784132
0.9270306694453897,0.01822848123172771
-0.20720113166124354,-0.2114607675025402
0.2604688474087502,0.031032242696079154
0.8487774277976678,0.058096188251668755
1.135758119833329,-0.011233536657494669
1.0277811633774927,0.11676694834722055
0.8952480866558892,-0.17280904858718
0.3102994469335305,-0.2148123760978578
0.33747036410125175,-0.024793806619926795
0.7237095384831058,-0.08091335524298601
1.1393700929011472,0.013139292756437397
1.2359302259669214,0.053266792092201524
0.9440708461862145,0.005850901429935593
0.48893396079011253,0.04675817919406001
1.2015993652256356,0.09663452359420344
0.46648117780670795,-0.01272478039663071
0.37897028141461797,-0.23249100836597478
0.05789950746140743,-0.013491614956569977
0.6596842510992259,0.11154838341444884
0.44129778180870316,-0.08254392817550418
0.458283730538655,-0.09030810812879204
0.5726971085051189,-0.1095605402218205
-0.19849991230627986,-0.07628388331247281
0.49352407191614533,0.04921906063778593
0.557490650024226,0.0585934119748813
0.48237554835956825,-0.04631476738687405
-0.07604998207306121,-0.043930997240663704
0.23586921359026675,-0.16459716854448328
-0.37589884953550434,-0.25573241285990167
0.5098083056668242,-0.28117638046810284
0.000872445860466268,0.00012298887359491075
-0.00038693336421242113,-0.2887160265152211
0.9574320083738446,-0.10425132702199039
0.5969434045498294,-0.05837554803599778
0.4298901313119278,-0.131816831277639
-0.09602239646265602,-0.11052174076675406
0.9895069464135327,-0.018668497661709273
0.8071387906267398,0.052604058564669084
0.41836693344462744,-0.26944820719607304
0.0004965828954448378,-6.616615356399383e-05
0.3559330424610411,-0.0735873594142564
0.6486319082534077,-0.01487909909363576
-0.5839460614086602,-0.25551948337507363
-0.11846560630994978,-0.07842645336759414
0.4675166851664403,-0.04869389784851521
0.36328244596730774,-0.09424361007552014
0.45377004007135385,0.044415305156302765
0.5029535618536141,0.01193387752653735
0.48922613143477184,-0.09020268116538067
1.1513117085684514,0.19267356803755867
0.9259104799896625,-0.22945843848834785
0.024821613249482226,-0.05536351452359529
0.39416954916626473,-0.16106720750993336
0.4464860099414639,-0.005953357394674682
0.7530343888356339,0.03637782828282535
0.5648770346884388,0.028354649615845846
-0.3246490315202274,-0.07725768890413685
0.5689310130989398,-0.13341382250487938
0.6708188946447624,-0.07102435838097625
0.5802243070581221,0.07770845010926268
1.88318034292663,0.13698747157638072
0.5534618027433489,-0.1882755442752765
-0.024232966545441458,-0.1527498854134337
-0.18542090542185194,-0.10226342573872726
1.2268405971326755,-0.2934042258999656
0.7614825180154103,-0.0313915758795478
0.4343704588918839,-0.339486644227095
0.7782630231702091,-0.13238259280637177
1.0263222672768246,0.03742464261128555
0.9161072565385507,-0.04624364576557195
0.3187275546255474,-0.026877669095388853
0.8220230924693638,-0.034201011088182215
-0.0788714156504939,-0.12921534041441401
0.33213242360107537,-0.05456515307909208
1.2226165087453076,0.0029300713666074217
1.4808738565804611,-0.06979049883494974
1.211646576728385,-0.12443995642025553
0.9221326638621714,0.04976634875292592
1.214354438492676,0.15487506194645068
0.6762562957142259,-0.1522795596519039
0.5947159342796067,-0.2556137489806345
0.30216457920271117,-0.06369412649007618
0.5694269050657126,-0.07250075609132982
0.3496997480436852,-0.05611229674611543
-0.06163574515116369,-0.013385696431486786
0.7537692234678199,-0.023125914456760543
0.40807420122481003,0.03145652060379027
0.2542192855928115,-0.23170970667273275
2.08531477533502,0.1336976086655904
0.7616024265855009,0.13786920848735396
0.8072728752756415,0.1423117520095031
0.7611337148930096,-0.01634766581137562
1.0124207501243307,-0.0029669657880290043
-0.5990760884032229,-0.18041163781999447
1.3112071957868707,0.16851757448399182
1.060359315416754,0.08469132513413305
0.1996933715249753,-0.19303267849725467
-0.03280188579915244,-0.12278715920050183
1.0790445499449675,0.010654961705032499
1.0867480370035127,0.11542468537327957
0.771102207831732,0.0484784370118185
1.256773228761164,0.12702298456788833
-0.2042735313352968,-0.17574160381359075
-0.0910209257548885,-0.44102677838570775
1.187235407559918,0.15615290308531796
0.9439754613026271,-0.061391325923842915
0.8459324846742405,0.03071719225812489
0.3184669181363345,-0.01635828285503763
1.1676615377857391,0.059769550300165994
1.0307354742904085,0.027156586793780725
-0.14428415369996517,-0.13446138162057272
0.9147687299918715,0.05403673180453495
0.4534719910768693,-0.021150713053220048
1.7306521085416746,-0.16791096199224104
0.6296292438324436,0.06891274712853736
-0.03976385616706444,-0.17428784753361215
0.16814898872718714,-0.05065221877189515
0.8376585551996926,-0.21138800341265537
0.47454235724237387,0.011486546764147117
1.7471370908599122,0.16431493278163609
-0.18000808801984058,-0.14338629418438603
0.4401398616485986,0.044565313894056845
0.7761296105407051,0.022255961410054433
-0.4812100280003908,-0.239103469247446
0.23613727811235186,-0.028440950987097258
1.4409433754908767,0.17847459885165845
-0.20034292142566895,-0.0666049232847226
-0.00047450397095082206,-0.12249880795896961
0.7829074324002167,0.10896095511114066
2.0485720315628475,0.3678742504068601
0.770644014899037,0.11693595013814198
1.7715506098161515,0.20004043963600127
1.847531057050292,-0.0006630654369435753
0.820419609540748,0.07530038495255742
0.3691462562178052,-0.06809001899359417
0.7604087045787536,-0.16906613380788002
1.474339837410397,0.19245586035040665
0.6644582587547347,-0.1052692869337016
0.1373110646703892,-0.05931611865507108
1.2227728557414135,0.1398683060254344
0.42891738780423583,0.01703500205493908
0.776623084308344,-0.2430817265513735
1.984762438015713,0.35339290502904736
2.2102802068155363,0.05460880319143868
0.5620330671383215,0.05445004932207207
1.440910841521355,0.22592374996185047
0.6180260838049084,0.07486396991060015
1.6618115497425991,-0.16942321976298133
1.205838639819813,0.028306145847690048
1.1900569136660544,-0.05354725658488281
1.5436366386864864,-0.16626031576933442
0.2600195021581895,-0.05124504691654748
0.17265957378007527,-0.08689977882444631
0.6071851221760979,-0.4290249716332901
-0.714362015640211,-0.4225024249811591
1.368706166301698,-0.0114749932972593
-0.5561078893898205,-0.24915938595208104
1.2573458512757438,-0.01886453349146993
-0.24110823282195712,-0.11062314071112056
0.9314667793575718,0.12403680144305826
1.6658935582304653,0.1549935450864871
0.7611081543867199,-0.007334229378727832
-0.07816937804826507,-0.08911835553766112
0.9155857299158985,0.1189917850798756
0.6863736696282812,0.03024140802490616
0.8893286218675213,-0.06147236006609165
0.6677277656624889,-0.09618750956043554
0.30858724826229816,0.04116345571958406
1.514607303419666,0.16445277392207225
-0.31458277301563875,-0.18287948795966946
-0.18978883584546324,-0.23580746346154538
1.7172580426336885,0.2565061602381209
0.3383464786980408,0.05283487630880703
1.5158080083831063,0.1767749741033432
-0.05041565691817991,-0.1539728608929595
0.9567559196560929,0.14518605207563495
1.2641478033229998,-0.008256751390986349
-0.19455660652006487,-0.14095961031643686
1.401793020305872,0.14013762244806785
1.7746484206193562,0.2118244972455123
-0.23314211392334375,-0.33164985898894633
1.0411950734311097,-0.11356320296256475
1.3982325530281954,-0.1454469986441908
1.0664437229273696,-0.029014642551341504
0.050258696354809125,-0.4809570893344554
1.1963734325201705,0.046434860122467364
1.1919192029707364,0.0569135797024996
0.6991422301727422,0.021205556274626315
0.10421608182619431,-0.20098545333989631
0.3717817824253216,-0.0304838542509085
0.001984783177185483,-1.0701273861065376e-05
0.7051478536734684,0.08957443543275932
1.0171685492008231,-0.12943374313321127
0.21250464170291122,-0.16085568192765243
0.8147394535185242,-0.1439301537706658
1.1753062370033216,0.17025690468038432
0.11025986880365746,0.0038310830370301635
1.3836082226218607,0.2377636424748249
-1.3123377798119338,-0.278863007003742
1.3562532507788878,0.08786792855258366
-0.7214792561659333,-0.25849613457467435
0.9790226549622841,0.15802591350907666
0.8870892736768204,0.1479363504551615
0.5586482286753961,-0.21093354131228537
0.5584510282758239,-0.21102743508030586
0.21258468666003794,0.010224895878868379
0.9421935678127237,0.09799364016537344
-0.07473302072286284,-0.08654742461176462
1.3578624928614387,0.19650933393626935
0.8583783704335064,0.007893740099320229
0.2482923363853851,-0.13979133000348282
1.1097330208992124,0.14647244919411617
0.15302050107827264,-0.025487471874070567
-0.8572945731374342,-0.2764426050648995
0.0009956531081681064,3.098073607061872e-05
-0.30375778224590494,-0.08159051642070175
0.2237726374980501,-0.03569515608266591
0.5767578885679802,-0.16623559201772006
0.10894336819660813,-0.02598983553536339
0.3255205374480947,-0.1253221860864828
1.9331346916086267,0.22452779667704817
2.8069747386236794,0.491992113464449
0.34591082855088906,-0.047532066540076634
1.137666281011741,0.18619024895164885
0.44273555440928297,-0.1316503389513863
1.0562063188215423,0.03272131003960997
0.520603496632297,-0.08542266588696011
-0.15026852307736613,-0.15166021122335377
1.8559754590262834,0.16282098406477039
-0.18760891447078837,-0.03780550243610877
-0.5634632950984322,-0.18050458494576593
1.107642979568355,-0.13995671993717346
1.7388981916640047,0.1158096032832568
1.1959206457382903,0.07516321430433658
0.5096961513336818,-0.15195389819920813
1.4907067451082943,-0.04509609913735766
1.3952344068050417,-0.1485785260565317
0.5567541786041097,-0.015784915907921963
0.20166067042416747,-0.07753648492207041
0.9031993165471189,-0.07813524066048019
1.6318269418356945,0.1723850785183036
0.14990557885570857,0.014509714062185534
-1.2443146802356495,-0.3580132787081794
0.32837359046085307,-0.021439954695745236
1.383311125243336,-0.07816492883134223
1.2663169060565547,-0.2303890379295435
0.6331431708348262,0.11330804909665927
-0.03737152759704225,-0.09340093635896023
0.9579073982644539,0.09072625608770621
0.5573174827912407,-0.08734298594329568
0.7968681231939566,0.003747344496125372
1.2065581831031227,0.12314164274243423
1.7230978627742943,0.07471247734719208
1.2866031050324283,0.2214648294552969
0.3106502338722796,0.01646407898656837
0.6848543374109037,0.08142194902194545
1.577502255310934,0.03456351252756251
2.1900904871337343,0.4004876683761548
0.658119317603557,0.04502630253883695
1.5509496227272617,-0.03546054572574507
-0.004868704082281818,-0.006985110025138862
-0.3468666165491494,-0.14125031495088275
0.6037287450201085,0.04933809164534921
1.512376113860023,0.27102974383638884
0.6781452944533181,0.03352869403501111
2.1496619731393687,0.30150711154900267
-0.5058180079588153,-0.10598712670668345
-0.004757387605981896,-0.006740834548795334
0.46028030252484736,-0.111856806910391
0.002404846582364126,-0.0002560222693107365
1.4893745945037167,-0.20146713390548893
0.0028755419932088573,-0.00013155275165751632
-0.2737916718500352,-0.16818342006281686
0.8501894981593052,0.05885147621716847
-0.06995790158778871,-0.49830396887043393
1.044308804189585,-0.0457550401031929
0.0017816293398018072,-0.0017849899393370774
0.0011571895551620247,-0.0027559148173272
0.259913579252895,-0.006940883940683259
-0.00467174457231818,-0.0032976445766049536
0.9907177126245643,0.07807198470744897
-0.005203378542553746,-0.0072215597733991934
-0.004886230643007265,-0.004720539128307837
-0.4370485588751061,-0.09841016153948258
-0.4053981218725395,-0.09483016548544314
0.3446109538367483,-0.123717643386316
-0.32649689981439983,-0.23099962555217768
-0.028615821786960163,-0.24218577091754634
-0.8191657023185643,-0.37072907431326885
-0.7970722052236197,-0.28347633815059664
0.14076347478370207,-0.2191801602403667
0.2092251324378355,-0.06206087378132368
-0.37875027681259704,-0.16518067769319505
0.030366279781295687,-0.17217112894719455
0.05310195939083252,0.009481751561491933
0.17595758658023117,0.0066525767709672435
0.16228711643036842,-0.23948626783944915
0.5634368821157688,-0.07062476444943651
