0,1
-3.6610387483211695,-7.336624694079292
-3.7193677038071766,-4.291742200678894
0.6030788242862263,2.1265016789379585
2.0493844597530684,0.7653395040997153
-3.877510327451089,-0.845905950589605
1.1945191783195916,1.6261294799500177
-1.5840994065140348,-1.2299267015707598
0.007717547604251487,-0.07625027574352868
-0.10528401933484184,-0.30695276582184816
-0.2851316798106746,1.2006298050316118
-2.2692462670067783,0.19878171553145874
0.06034476256303272,-0.12859846724200694
-2.554891177852754,-1.156556583629344
1.7768161675821201,1.5590001984594422
2.9318995323650454,0.791109133445987
0.13730279236329182,2.0283117605700105
0.8903827881402028,-0.7114514869828841
2.8258271966935835,2.5592464274156472
4.138102310991054,1.2293468364578377
-0.3670539901308312,0.1324492675341834
-4.271115262035278,-3.2393484633053657
4.579878959281116,1.9419532644971333
0.35714826254519394,-0.13365738393327758
1.686930160752615,4.122507226769142
2.4595768076267426,4.284942446748513
0.29950368608447797,1.5230633440424297
-2.6490863181785707,-0.78015298402479
-0.9471050153721418,2.0044624120757506
1.999548794089486,1.723501333225563
-0.9063664899762709,-3.4504159852970377
1.0917717930448718,-2.1324250312172417
-3.1375142129763565,-1.0328349788651696
-3.69071997365732,-0.5321277486311818
-3.2890981217523345,-6.085000486462117
3.002340036124616,2.368485840432262
0.2904719331105822,0.9769096356353906
-4.913391730622972,5.930220265866555
-0.45096335453791225,-0.5265648429295612
2.743659854556375,-1.514390912283203
1.6006030403266989,-0.29425101972352063
1.7068588493001216,1.0211224718692746
0.2740632265067489,0.3324132076390213
-1.854424936978941,-4.173035564335206
1.3442471432247263,0.37365350872737546
-1.6512698230888103,0.6884169076947233
-2.2716376540116197,-5.66407650693831
-0.5657766780659926,0.005906045360080933
1.8996488491950556,-0.5698182358752767
-2.778372012764874,-3.998024262165527
-0.6316268572478552,0.8371276066182024
1.4510697070849699,-2.132671311505935
3.205750185434744,5.36738576319735
1.9564415268514483,1.390179609306944
-1.9443879344270203,0.7085199670219088
-1.6050256100803557,-0.8768111713111604
1.412606658355553,1.406222061365836
0.12300923239538569,2.3199954465465735
-5.258362320471553,-2.656563209167564
5.788139476837765,2.5195537475686436
2.883969533729426,1.9817535659422338
-2.0461688637314377,-1.607635657928412
-0.1066170062579584,0.14937688192554585
-3.572907703814867,-4.048540298131157
2.8100770951334506,3.2677632593370123
0.9451027955759383,-4.092801813231006
-0.4755839780451243,0.40701982384255825
1.6831227165568998,1.7072669853444142
3.532316864596576,4.133631995114651
0.028360695136975464,-1.2689919212227927
-0.22184886961843064,0.5137753833246829
0.7063279949243386,-0.23711113940047812
-2.7103549718027633,-0.9017894679207247
-1.7798873422890193,-1.3950913579547706
-2.2363404761131145,-4.823123700476781
0.02274490333538444,0.4637788663452482
0.6689196601289215,2.7795483688307896
0.27800890251366644,-0.45714174862240037
0.5926979300088142,-0.4553645464070567
3.4107239727969842,3.386037018148507
-2.2756116345760273,-0.2576893428036873
-1.7921182407368175,-3.0644490646146676
-2.5723320767025486,-3.5173332761344125
-1.5542116074367587,-3.5595436973659704
0.6883313194515751,2.548723084100101
-3.3219171684245796,-1.6728860271481312
1.6933965388426453,-2.2862760637315622
1.7294691368935362,1.382929235424629
1.8777400314842483,0.7377115542748295
-1.3397895624119656,0.43154549934058795
-0.005910828894417786,-0.002321476769948271
-0.7982198148737982,-3.159361748620515
-2.21805874271742,-2.0669234564116756
-6.366954245660367,-4.79164293789838
-0.4227191235484803,-0.46318976247598825
1.8372094277336373,3.339464161292862
-2.0283657632098104,-2.5314448517920725
-1.6994782283780616,-0.4707067654036404
-2.349601982120643,-3.9890384180002654
-2.7048638201068393,-5.219568344330503
0.0043337263571766186,-0.5634560836898294
-0.5182487760519942,2.047824949689119
3.545669512715529,5.654003934313061
1.043551072513704,1.8767605507618514
2.8404364730797034,3.610152439998776
-3.5162764737708474,-2.095703515284672
-2.424355647388372,-3.7158520357866878
2.2185086993898864,-6.607647243156826
3.4723440337397706,2.2585306617412195
2.644326227503507,5.174963836272133
-0.1630348761605821,0.11103350271075955
3.8108456898449394,3.439132868565842
0.4880605202722476,3.265370731233014
-1.3418539800845073,-0.6788612205156164
0.9118181573809371,-1.4101432159710132
1.7583156611389044,2.2579798533556144
2.8434381317296364,0.022163312766230715
-1.5171753793807907,-0.574565682196571
2.370268700967,0.7646316137544176
-0.801151551860823,0.6270257958008814
0.9176855505891881,1.348602465393138
0.10743561247546024,-2.565348108585036
-2.644066606033882,-1.8187883552288584
-1.8364747118104636,-6.054059894496464
0.03526326085064878,2.106924695332211
-0.6070621414973016,0.9430708547220436
1.425377584202442,-0.4219556968070217
0.8924350206066728,-3.499244805530302
2.285603148871422,2.1110692143072307
0.8092508552624729,3.323012388115226
-0.010351177290932882,-0.007181993307059557
0.7151913507769727,5.258198542559395
-5.031266110352195,0.8529384534387076
1.2982287003296025,3.5931168991145945
1.8509397118822417,2.254505124665432
0.9685782217075134,4.573910032365086
-1.139523399289897,-0.7414074515153495
-1.4430053500998545,-0.5556766830122306
-2.305890921017955,-2.9629828180800035
1.4462715468474567,1.3605091545151344
2.4745822120975474,0.12956509750753015
-3.823988382594584,-1.7544213671841682
-1.65118926822705,-0.7638013627758717
-0.9696079167018824,0.0002795284671031146
-2.71416517333069,-3.4907465856295232
-0.020430427369222813,0.9626804794918434
1.2032450193893123,0.4488848840259507
-4.55460338584536,-4.630358840082975
-0.24112305935157155,-0.9203019516621014
-1.7317173535569788,-0.025277658113407767
0.00031320016467995714,-0.002277930006378147
-0.004388785219947957,-0.001032674111784192
-3.244059086626393,-3.344499650883048
1.495717524810182,0.18884222515452145
4.444413849627392,2.2945184300034014
1.740317465718565,0.8041618032497081
-2.0129180327014318,-2.675174056348327
-9.13913920846547,-3.6675497883169936
-6.981522631128964,-4.136323602230264
-0.4435596149335176,-4.770331157103465
-0.7169521222525517,-1.2906667126528117
3.0445465276142523,5.929662224398886
-1.7798975313404302,-6.290292502708656
-6.151165890633783,-3.024089789266319
2.427649002623905,2.996259247929034
0.25605183136300025,0.968438663829169
2.4505383372213605,3.1555181443232403
2.389985875092404,3.133255228912559
1.2706800984587203,1.91631793265672
2.8981098667277085,2.52140622609149
4.351391590163875,2.956267124681775
-1.1156115812075122,-2.7784410250339984
-2.845468322217872,0.3184414530714844
3.454588982081689,2.3033670265552253
-2.155083364237586,-1.686335947222938
-6.221582277568257,2.820375281678042
-2.928138972768542,-0.7159680829317899
2.029773668898281,0.9231103523649914
0.4275045454329469,-0.1774118163371023
-3.023274118660714,-5.406887551560488
1.3510485051035448,4.935946571676823
2.8924425249749586,1.5067672509638874
-1.5979179266281067,-2.191905715229383
-5.247733661546647,-4.169079738990907
1.1058133423564742,-1.8054109724794971
0.5366838805917726,-2.1768200928523496
1.2783221967210452,0.6611066065171888
2.660490381401186,5.144373881162753
-1.9853529194124577,-2.155641977465019
-3.2777726267342153,-4.361000584590457
-3.2537619696429254,-0.5463830107515891
0.994930756535919,-3.8565298238408654
-3.912048570632564,-3.662505234364888
2.0726904332378537,1.1269252695931407
-4.534702268628334,-5.33499606028587
0.08530649899634195,-0.5281395044349734
3.404892053332812,3.470556558188409
3.451879206922783,2.6416293737587897
-3.5954219792367885,1.1377911574120094
-0.03335086820871215,-2.016514250071318
-1.3113978007271319,-4.164540297502256
-0.7018302389942833,-0.7970109887240676
-2.6670840682690464,-4.867365943268082
-0.945271950845484,-1.9540108161140064
-0.5296803670771443,-2.788269674488265
-1.9361137145228087,-1.7567814846538432
-1.443961482691372,-1.6189103044596296
-0.006904012652699618,-0.0036339662589757083
-5.931609487712144,-4.504305488645664
0.9625198879190728,0.975827440965725
0.22184927902285512,-0.1265516156548688
1.6994621031737436,-1.748872213579488
-0.9145696730394506,-3.8294017981043016
2.7086099368455177,4.438018951212514
-0.364379766994888,0.5897853405832654
2.1007106704341703,0.04659455547911701
1.0719870967059761,1.9126215538016547
1.5209422678589206,3.385174773054485
-2.169943984240082,-5.623065972561351
0.7651497423050425,-0.567447741365294
-3.7720341867641274,-1.6603775808085262
-1.719686529831003,-3.149741277284314
2.018364304075775,-0.08430903947927862
-0.6898290760492557,-2.079624040426428
3.927150766010101,2.464535066712978
2.0057535896966976,3.7975154471209973
-1.341288678381373,-6.632159120811834
1.1844878596877528,1.284398301136458
-1.8943653248457464,-0.2810462886590951
0.12028905884249678,-2.5293488897022978
3.175334715493949,2.6927260095604955
-5.206663771408816,-7.256620025341836
-1.233646869784952,-1.557789747039919
1.1725680196052213,-1.8323886056607352
0.43938378248259824,0.9456414823812506
-1.8929521584204114,-3.6178637554358595
-1.7523434082755782,1.0689618666921243
-1.2595116817654497,-0.5144816277654427
0.4327376454063639,-0.04439774480750013
-2.514230693183862,1.0025297711999284
0.5262290938170832,-3.62604242186819
-2.746768886190479,-2.418136896772237
-0.11098178555234076,0.020815359039483124
-7.827320467544794,-2.5755073634273704
1.9260102455533261,-2.499815964641765
-0.8945091329487775,-2.0694994242282854
-4.974744047117931,-0.5212259844455489
-0.7777785364559733,-2.1545238425615825
-4.18267157007876,-4.361390467857741
-1.3952417966451833,-5.865106324762321
0.044255002335445506,0.08826097171402661
-5.57572929299131,-4.94696418886904
-1.1434883110907368,-0.10262358841716505
0.2791703295781733,-2.2091027595497996
-1.802247333047486,-2.1763140232697045
0.7123742835084006,4.073627794460459
-0.9313406294262626,-1.1849150510925017
-1.1786343764777072,-1.3400712988701227
1.1722373019889456,-0.7961949685042221
3.7173776303422055,3.0508777460535996
0.24185729978442483,3.7743022472864625
-0.24491900661665073,-0.7727177523173924
0.1461426875547221,-1.2576744195826075
5.766000381384233,2.0733214055238443
1.024496880227873,0.7995859384949772
2.4828375672661642,-2.3157524040698125
1.4995463516610428,-2.480962118468677
-1.2124574146530125,0.7955259031458901
-0.8028960079034791,-2.5393270269395334
1.1758617193914715,3.25192454987465
0.9574644642004823,5.297995142202464
0.42226295586617807,-0.8215108204750974
-1.3864884752893865,-2.404158608490574
-0.4685856137704041,-0.15261980704869277
5.388711845261565,0.505874683641668
2.3977386528204785,1.7247099841205513
-4.158236750763638,-1.7767351591763698
-2.7269090139668757,0.07367759426619133
-3.977871950371917,-4.943433749008652
-4.276039884568667,-0.7380153872862009
3.464756315253627,5.6522080225151194
0.7089312756873594,-2.0750340617633007
-0.5344787677835442,-1.0896509658725366
1.4291237733181543,2.447745641772824
0.8096311525724331,1.2990764355935123
1.3043059216158106,1.6540816361458213
1.5455592626537116,1.4087703402002714
2.5080811628591753,3.9854370242398685
1.4744149790667547,1.5057183061861275
-0.43269425894097124,-0.8186955643305045
3.3787106688634942,1.319588471338038
-0.4413568643070795,-3.698650422270131
-3.320692180172817,-2.967261644958485
-3.0851124622889983,-1.4162626614661848
1.359874316956486,0.23398512521899098
1.0276713522809269,1.3818758592134122
0.730542011456849,-1.834441847069075
0.05227644603952981,-0.00614424615629723
3.672870917403611,2.498879115380445
0.046027875053772566,-3.7175900314272625
2.681537738117313,4.5393418183114775
1.293572099225043,3.661103261311615
0.8798141831090103,0.7704036006164415
-4.1128812390848095,-2.219331963040887
2.1544294661790335,3.0574633471113164
-3.82349171699252,-4.034703165520793
3.5699281203817965,1.0805660381274456
-0.4869128543707486,-2.930627090374354
1.2667874404330763,1.8109220381304374
-2.1716672145162264,-2.210796551692668
0.7216297681011049,0.3038020546605518
-0.47901747635554104,-1.39363801428449
0.0005734623143155117,1.108430002342611
-1.6444812993721394,-0.6406553652019918
2.1590956221748794,0.44663116511191436
2.835833107946405,-1.0230806076539276
3.5969334400877027,2.039708127491158
-0.18351876354895452,0.9227479505779524
0.9557179448712372,0.2640664026938284
0.7754271783668705,0.9803325104908363
0.9032353078578756,4.572906934463654
2.701629129439925,2.4556597857572653
-1.8003292234454535,-3.760041555771267
2.0944466635421497,2.975434253125781
-0.9323242794045803,-3.511827048639519
-2.1821169777149625,-0.19368387355515157
3.910728239690395,1.6974929551060622
0.21857396676041746,0.1889265589824202
2.015436868400767,2.7949714082981325
0.819609862558418,1.226044672285392
2.9284989416056484,0.6639369203735639
0.011259054071871522,-2.457220255138743
-2.8153165592960527,-2.091630112087624
-0.1931850064389073,-0.3178355221478105
0.755493758649497,1.7013867851703224
-2.0520201249008396,-1.413259124638358
-0.4451378569108829,2.348976004598326
-0.7077980469113964,-0.35336255311435916
-1.4569291732375056,-0.6454263380914044
-1.5331398331026627,1.4766827127992126
0.8762255231421237,-0.2853631992895225
-0.371855219861139,-0.3572595154281571
1.2506456282984062,-0.428933034475646
-0.8852056680887556,1.6359730349903117
1.9657980943497897,1.4313055493556766
-1.5940083498946673,-2.597363936083388
0.8042572133542645,2.7652642598913038
-0.11036742728303,0.3341076049931094
2.1866273503270963,1.6006167815141485
-5.771120378993381,-1.2882260140515946
-2.5057451476741135,-7.221185846685272
-0.1588766976814655,0.3055419568693805
3.0215144864418693,2.2536832882731432
0.4034037059033821,-1.31154153309985
-0.3429666574094504,0.14587354590426782
-1.9930111739778185,0.243591750602973
-3.332826501779545,-4.390054668584838
0.466958947545898,3.427148279281828
-2.9221356635156246,0.24292213517973874
1.4930832389093767,-2.8062976844149574
1.3469591019091651,-1.1811406419022197
0.06871490165426418,-0.010025387589202706
-0.10373821933953374,0.1923660263051544
-0.9196026425021182,-2.0523437815235304
-1.0567883691827344,-3.0901985613932
0.916631877983726,-0.25236220650118746
0.8733098345716158,-1.1917743536558878
-0.48424222615071444,-0.9053269112050236
0.9935377206434832,-1.2050817105344451
-1.6200119145675889,0.9625868578494016
2.763910190799751,2.9644000704935674
1.961608761201448,2.488301559512209
2.4045986904522985,2.8610177671650314
-1.9120471050825099,-3.5103137701515554
3.245665875214801,0.9457095084521311
2.3587983327686035,2.5097731268523216
-0.7021011068950974,-3.42790360367255
4.233521188335308,1.149998959338522
-2.52773141499611,-3.1935738996702017
2.4768526671735893,2.1297541814257337
-1.0407772542636686,-2.525514372346713
4.187923924397787,1.7121824331223274
-4.202460128358477,-4.79082171473337
-0.13445011390456438,-0.9353017162874491
-0.09653093070272994,1.7402591078651772
-0.8335005032090411,-2.560331678103285
0.5684686731906234,1.0765205583902016
-1.4532183280965876,-3.8847158329576366
4.193655382473364,5.1175063189530094
-0.7469090421544022,-0.48779457535650694
-0.234531912433149,-1.6833095286571655
-2.5176059131128357,-0.9377685729607514
-3.4983876811238526,-1.537139133163808
2.8229633349602397,3.633100310215194
0.5768427415257541,-3.698460434703384
-2.6814849411788426,1.2205185417603877
-1.146649737371714,-0.09926750219840708
2.059192726062476,2.086263406586264
-3.0188099495237757,-4.254822308486032
-0.28027088288427704,-0.9850636097719316
0.9307219122852786,0.276304851725868
-1.1706633554331274,-2.4519118726258204
-0.784736444544179,0.17678321284563733
1.6717526416059176,3.3054605784329896
0.5087531444771932,-2.1712373681349013
1.7901828397788964,1.3832997539786958
-2.6244426971205916,-4.96263306392077
1.0528168060827316,0.5085158403797334
1.9601529412114265,1.0071118114293032
-2.4008216945444207,-3.3927981062430534
1.1267251302176307,4.067249077334561
1.078472581095609,3.5270937481638227
0.9707616670581267,1.7127757219940407
-1.230505983165938,-1.429381239861059
-0.9095650325714755,2.497156336936567
1.6929370927366336,1.7744452045643588
1.7877351082034374,0.8381961848311744
0.7451964174139344,1.9851617777594148
0.2665747400701628,-2.7577485180624324
-1.1278234668768823,-0.45796919004797054
0.6400363337484255,-1.0625584536784909
-0.8089674172746544,-1.5041232278685752
2.4018683544534465,-0.02068687292585805
-1.9689086902060444,-1.5165905010402476
0.33750780667200925,-2.4152244613771563
2.4490891068317104,3.5813677691934025
2.3934090053435826,-0.41345144182608135
3.761180480475103,2.2549433931218252
0.2760536927995185,-3.5563275534088783
0.8202526579163368,-2.9646493195206407
2.015596218771882,-0.7662211790127763
0.26279789298146294,0.22832473832773437
2.2381989112828435,3.075206639350071
-2.49093006002013,0.04255777498013097
1.6696620012511472,0.2820928551924184
3.90709716006555,3.3940034894668885
2.238082530616522,3.5343547439451695
-3.65970191414143,-2.9576757549015986
1.577791460382003,1.3330331928856805
-2.7469247286479668,-1.6302217113972324
1.7206027010345137,0.918527044818109
-1.4397769740221757,-2.706905655500762
1.3978871280265948,3.5959732995800846
1.2480183609497084,0.5118689501271648
0.8160348379543901,1.0310600984644211
-2.0667436548885894,-1.0398251744178044
1.5887401659203866,2.058479437700285
1.9455595484824273,-0.0061607565365382885
0.18930718408107605,-2.3891618771986627
-1.4316027076645996,-3.2089756544369954
0.20737250913931973,0.9269923772843511
-1.8000809636156034,-0.9325254568712306
4.164575822616667,3.434141732631019
1.167215701192312,-0.05138503560150902
3.4490268234550645,1.931973467888478
2.2052141462660066,0.004088581174705078
0.6481639932266086,0.23075983306060616
0.05991183462573264,-4.573826637016857
3.3634679304570265,3.3405457203807556
-0.0684217886530482,1.3855924701967859
5.736726423366952,4.8882632509089925
0.8605670509338461,-0.23359899018521504
-0.20209466667647746,0.5101697321090761
0.7859729342970445,0.47679164489711057
-0.4210183073845026,-3.037373643244482
0.4840708676950519,-0.6218736332600838
4.35634544121956,3.182414642705022
-0.6926415861203926,-1.2335257759757172
2.3921933226678678,2.113725385754668
2.927073566004399,3.0382751082809705
0.7767925385426473,-0.6844177923768621
-2.2828681038836294,-2.8525518486607697
-0.06516982966942696,-0.4264409401751893
1.2552074744909463,2.2017593241942106
1.8801987262421473,1.489363963905304
-0.06474906129210792,-3.2913703406639074
0.6900455804374633,0.6705013030051444
1.7351345329177907,0.9149613570781526
2.7101465323124505,4.137112408584954
-0.5276659583081097,-0.35444981120342944
2.3523135469195275,0.49712893251294704
-0.3007082700271971,-1.3286793845207028
-0.8201368545437543,-0.9929051245566296
-1.6071747019608955,-1.9326826774223362
0.155721511502542,1.5911283646565668
0.2619510489060171,1.127039812155935
1.4849175319647385,0.20102901795981265
0.5570922264172892,-0.17546376998981547
-2.9831629658521566,-0.9723538287936035
4.896058386520899,5.588189267823913
3.3485214120780395,0.9575918378013323
3.0595509285511526,4.0224922152662925
1.955973956465526,2.0352609941538
-1.576619077882288,-2.655078274486817
1.3036912809996735,0.3788660851480638
1.9798252312054039,1.307186255186253
-0.5233899351273845,-0.19040263403293256
3.751481297406513,2.100780395624674
-0.34226442456749034,0.18677392281720792
0.5903262883145071,-0.7135054695021691
1.9574895116604418,1.2380364789361724
0.5932069213776585,0.2079505971166181
2.1566098203252055,-0.006803390258522118
-0.7027714283336717,-1.226127439480293
2.629738882652181,2.2984345583631685
-0.15322161199422601,-2.406354841138217
1.603539369464795,-6.403002241630892
-1.5158831809310793,-3.188752415384572
-1.9341712944184535,0.4157756820935099
0.521287598665445,1.2825093726265777
0.4753242240925301,-0.06016733612728861
1.2335411854736547,1.349633966335345
-0.7009282338716464,-1.5932017329110368
0.4357347229424437,-0.9092694156385326
4.826136334422089,3.0169025310359348
2.167752794459634,2.0498954823252493
-0.4955802528411002,-0.3185370527134483
0.24611196559127396,1.320447160288994
0.5518991212094377,0.8282227376513073
1.4269696386326765,-0.24578560288310206
3.7064237900222445,3.042241017011258
0.7935094484262065,0.597365790166185
3.4074086646517254,4.591020296428829
-0.0884647150309326,-2.2315774216799733
4.418938629998333,1.3360292116897245
-1.8443635548305037,-3.5251848989914896
-1.7550191479199508,0.7837221245836998
-0.29898605658830035,-1.7350354937699517
1.6580645636901201,3.1145003123661184
-0.7740470744657779,-1.0871774765081166
-0.31187403045386664,-1.6942575931327195
0.01102070331468684,0.0693714286996999
1.3669119908708625,0.6998329724092544
2.785742111452964,2.943423855346794
0.4152801291012873,1.2856552267956123
4.748365648338502,5.384154337230179
0.651395527454565,-0.46075070495044085
0.612714438359307,-0.9514467006847401
1.9048007286700601,2.633306506357673
0.9560873655073552,2.087473709719254
-0.1298432853709032,-0.9627681430640473
-0.8058322986711243,-2.156818531531775
6.2819031992851615,4.400032092400429
2.335743314475103,-1.3364622697302817
2.9927484299789326,1.2168480510992694
-2.527961558039989,2.4465771697971066
1.6466817207397706,2.467075086303352
-0.019426095370073327,-0.4330744103828892
1.7485130211267974,3.144624904177336
-0.922377756690992,1.7477673091939046
1.7837380339161935,-1.4266287549997536
2.2642116969572195,3.4540413170554527
1.6608007121284927,-0.2554467719773943
-1.1179571613019212,-0.7346441888508105
2.258485142523478,4.36990130391862
2.670988261731127,1.9218558170299789
0.3717860210974126,-0.9997738907857293
0.4216848693737091,0.8762285320379288
1.519369216744965,0.6615315174825586
-0.39006605275527223,-0.28787808477793064
-1.568135212251071,-1.5117316829917495
2.075072252438215,-0.7980129764818806
2.8811619213125663,3.443625660081613
3.6246257740996835,5.39013455176681
1.425037928810402,1.9584957675380132
1.89667859613498,1.0342663649796013
0.335474765454154,-3.1042758089731053
-1.1175645259290556,-1.0142375821261238
-3.4867370838447673,-3.9989283093833334
2.2351336871955336,2.069582771176246
0.2914528969254201,-2.320084602546942
-1.73789770372232,-1.1323288411860646
1.367929618614165,0.516339651615932
1.0105914397718487,1.0354832279834518
-1.4506969085615782,-0.25801963572270203
0.35016157210938975,-0.10944215957163968
0.6086471580189411,-1.3697893240643593
1.5970509999966658,1.1146776871527289
1.5835312118707305,3.5401264255721094
1.9895812295948436,0.6061084814837266
2.4345671056519955,1.1204541560978816
-1.1609423055016777,-0.21197602239552166
-2.161718689099949,-0.5283826479730671
2.2017534019235283,-0.14469451709730075
0.8197136775599335,-0.10991267895723703
1.855230569259521,2.029566519885617
4.7729202573205445,0.856145923153074
2.01364407969901,0.737451314528998
1.86149845988654,1.3352039874452055
0.9933935390651658,-0.4173703130430784
0.1199305036045385,-1.1579713314019298
3.786164519566011,2.844358285861243
2.746037475892225,2.0773430060968336
3.106863538214936,5.112739734261245
2.231395021831915,1.0375762980492413
3.587740479519009,1.4906574941601312
0.15644061283853386,-0.16545955111169158
1.4772135214024793,2.3436307888155055
3.7072101247927622,4.303832676908371
1.4156608830222381,-1.9985840686778718
0.8463804536291768,0.5193176356001655
-0.8213234384346507,0.938751529466332
2.0736313371894877,-0.02461473132021025
-0.8443555340384551,-1.6159891885853759
1.0501045368537523,0.9086518833210201
1.589597898767778,0.4526956120284193
1.6384091540479708,1.09184952156084
2.765074540697894,3.224965750812905
3.132065272341552,2.4262813245772534
-0.4640766537062197,0.8158751104290873
1.1962827961776092,-0.4001773747176648
2.3311451242319725,3.2006911446209636
2.2031180552451355,1.7642902493709285
1.9979762756625985,1.1448420401688946
3.097261816302382,4.82897295776681
0.08109072026438728,-0.9275637677599777
1.4372870648862188,-2.75167085019068
2.070488879179463,3.2823699606965686
3.710745360241745,5.614037666921486
0.12687526871645868,-0.3097303489897832
-1.2821865756342254,-0.14433587726400704
-1.500016933867034,-3.3609887886360137
0.6961397689146992,0.5418085618618361
5.518971370752384,4.161863444087781
2.812097237783297,0.3254298484697011
-0.5366971550866559,-0.3733658599638582
2.3587992880725426,4.739249291783755
2.4287686273853977,1.9497218595820769
-2.3448760371554362,-1.3008628971835146
-1.8942476985316774,-6.611334413949792
1.1249574290976196,-0.4256743780041642
-0.6757084715929107,-0.7488947318834873
3.2706602302904617,4.44004349043798
-4.211099465055623,-8.338053316272264
0.9457052181118919,-1.1771038625619992
4.092150932946263,5.228927220587433
0.1592641726945491,1.8189923996399884
3.458265518516028,1.6290623915704416
2.615946481293364,1.497135438545599
-0.6842853584134917,-2.6727190603956856
2.0948412168778443,2.767722772380981
1.4366852837150481,2.637166777719244
-0.003785050898697545,-0.0053658025285638
2.4761101876737266,1.5364864755482839
1.039781095185668,0.8900928201300244
0.49681477534943946,2.413381513346803
2.2729192664499087,0.7731093109450901
0.9881075393526789,0.5858039437220012
0.8585541126391206,4.006745227907371
1.6882099311601757,0.9067955633928687
-0.0965926194344868,-1.0203796974863764
3.044741579347784,0.8895001928027869
3.098895844665619,-2.4365846350479763
-0.2771169699917522,-0.21741397230659343
3.1651030636915656,2.72085255465093
-7.832924264016034,-2.8595434036848295
2.630017470831109,0.19135273076225806
2.6992990280058455,2.5987631173698045
4.639201409018968,3.6866722608938822
1.6003518739901312,3.3266450922838966
-1.963337853512422,-3.5583068440513586
0.7695243897071898,0.7130611350692154
0.7816952715575612,-0.34779014135212677
2.9008640127762657,1.236115317911402
1.1737638266211217,5.839273654850119
2.3464271790129017,4.9076278362112955
2.815312576435022,-0.23631648055706528
1.156369168763768,1.541661734539196
0.8720836849910399,-0.846764763215162
0.10726940227720719,1.5810700975001228
-0.0688038665270189,2.3151189162743964
0.7444318677089484,1.5649007175314302
-1.8461490998730905,-3.5283127993536403
2.65138208333601,1.1615049238248671
-2.7976665202182867,-5.426909901921258
2.6539794517564386,-0.15657988135632003
0.19822384131325402,0.47909688917198484
0.7950588264942211,0.45037695650458665
4.755337148300636,5.291385294544666
0.10487348395155516,-2.2822077668128298
-1.25469851382134,-2.580226348992366
0.8394291850196254,0.019674813414653207
2.2126405613448523,3.2313274526337863
-0.044902984179722,1.2088547769921192
2.661214422046874,4.122507991867082
1.9218888918399468,1.124923254361553
2.796275258808133,0.4926557928261264
3.331737533685473,3.7013754920942827
1.4300629512623941,1.1170325839834754
0.28973581004621307,1.9949505422165654
1.5077286713201667,0.5477750654148204
0.9577361221079389,-0.18675686792179183
1.1160397448630077,0.7190588209908186
-3.9928661013993563,-6.179301392787507
0.2998584435715051,-0.6061531873242635
1.2097421068533687,2.08920159203807
0.43023291074299747,0.4442211464318805
2.843966601356721,3.1471574097359367
-2.423107224354609,-2.908574710019686
0.7697458747121638,0.8153281901365953
2.9056152744427184,3.261591074738202
1.8399855077774532,0.6224582599171415
-0.6911777183464859,2.774662640805849
4.21618892012896,1.107238796307205
1.5893658881766628,1.3806618189236666
0.7568764686518448,-0.2054847484123638
-1.0487146909915164,-0.22800696015547503
2.7715865215614257,5.140665363465163
1.6515101169975053,4.090204891126113
1.8084018550341998,1.2891085409517433
0.3799481055899634,-0.5309523708248731
0.37243536930486404,-1.5095787232035038
1.5692383599974653,1.358891061730008
1.5085167238990664,1.5201327408636254
-0.37308122748154743,0.4939046766444601
-0.9682417104530555,0.5547132522346175
0.2137374898250168,1.4870607502137159
0.16176849554574455,2.566240925067442
1.6470455576309364,-1.1963088095880037
1.3293830255631827,1.234010600890121
0.5591118587224447,1.4855193805446145
0.5238516784024251,0.46551571598049507
2.5970233839168664,0.03339340443172177
-0.8565029479830198,-0.8144992224289845
-0.2118482968686745,-4.105942231909369
-0.6280765389457396,0.8855907760018106
1.2127762791534742,0.24729614326520125
2.1682277527891123,2.0638856489638004
2.1497274729325713,-0.6631360353905198
-0.19774193719097322,-0.8487114098314703
-2.7030708919319806,-1.4576756858850037
2.745958078888463,0.7009779162363997
2.5598523049542026,1.2985812805221473
2.6412491534437907,1.3878900406317138
1.278541988264929,1.7134510625586263
2.141195991670586,2.1633301435701253
1.245933607891366,2.2272449441038242
4.839864585779004,2.3924135366333075
2.6018820413071073,3.0478345535851545
1.8693403396562622,1.8353778533945873
-1.487534542455701,-0.9162427497633562
4.551494061638147,5.6811765916794625
2.6723607592344063,5.035145642299416
-1.4047271634959926,-2.8641237328546905
2.938764657024016,0.15648093136348165
0.5191729077339485,0.14351341038898655
2.6579746529337562,0.8236595033095625
2.5573485788826744,2.637770996934043
0.6481136720419365,0.850810993625875
-0.3546327231248332,1.1074286975593515
4.034228787730805,2.2163740456878087
0.8623355532545325,3.9299036616150915
1.6204911008874843,4.882545828653496
-1.0177410179945785,-0.4479120752729
2.049163657350528,3.733485463670834
3.2103038499833967,1.433019349202
0.2092356164623717,0.24619067420005586
3.0546285624419895,2.6096070616483056
1.6947174307921085,3.316378926700943
-0.6751446427270147,1.695117424898808
5.2030017100013755,7.016244169667196
3.6825638087212607,4.975051192794671
-1.2870303380024637,-1.107871330281716
1.4390530154524752,1.5163643464223173
4.307428599114765,2.3651584540920028
0.15572512316556417,0.605263425776535
-0.3230457950364987,-0.02434566195965839
3.304547077371259,3.8044365002540985
1.207093739706529,-0.23655300170610508
0.7335078774380033,-0.8689904113276978
0.4431918024738781,-0.801262409354363
2.338988030234198,3.2682867359835743
4.084806433495246,1.127961134069944
-1.1867864048862982,-1.6728248385433333
1.164844547201365,0.3073310590945465
-2.100007534583119,-4.2277903538076735
1.0635808580298434,-0.6583747605755297
1.1986851530177536,-1.498109172350633
3.9343388306861207,4.538546991192282
0.4274801178348421,1.2125526076780713
5.0060984854985255,5.181193520792562
0.9579825782442328,-1.1268574239034421
4.23573560664481,4.19110947317482
-1.0926065752071645,1.7785427697627894
1.808571269757493,1.3667225254537152
2.0091324362628655,1.0107156990034416
4.282637042634704,4.556591850295335
0.44659087456102875,-0.9656111909138583
-0.4253820115494522,-1.0097140520494077
1.1063622037847156,0.8794353781081813
-0.9588872881704433,-1.8278177158615536
1.174792939339735,0.2900039006585445
0.915220579953873,0.009841894347825328
3.959624178600215,3.314742030553728
2.2791580116870023,1.142616575575779
4.360527264270089,4.075237412944757
-0.1405127744573107,-1.8353579187672173
0.2792913022679556,1.7121942697099604
1.5294779089825525,2.890714247663397
3.6237223632333437,1.7079688456842725
2.7205103982841177,3.2362795806505265
0.5479149219202195,-0.15700354643569955
0.6728223771923568,-1.1707440263848914
-1.3087014894035205,-0.7198555597726527
1.057142329968208,-2.1966611380872925
1.371462741955398,1.89610183886683
2.6319415948990965,2.1795937325873296
-1.6090051950282653,-0.8224801841186375
2.889666185253904,0.7773187996897462
0.4487044824105472,-2.9311972353531774
0.1136801734155275,0.630110756746323
4.168654120056758,2.9482335730030917
0.682491087986045,-1.8216955781698643
2.6519159753089117,1.9604643179202546
3.672122001428602,-0.6544250740514204
3.3227614420101887,2.1889451483576914
0.21374053485635092,0.3913186728242697
2.1511589401162423,3.4014209895744805
3.0080662065096173,1.084543950195995
3.577785165412721,2.319587143761794
1.6870947848718538,0.2883361851306704
2.189260365204416,3.439520676870025
0.6341415702391537,2.3799397053619478
3.781239928151276,3.7453576061517095
-1.485211303062631,-1.5599642209882423
1.110390434168446,1.8189235443473233
2.5481570285900634,3.671860508552879
1.0553140699853658,-0.731100497512217
1.1244675519352185,1.177561842504445
1.9702356387680626,-0.4911024560799939
0.2857756640210528,0.41123562727507695
1.110412472550164,0.10186535465045513
2.637114444057501,3.741952570946808
1.4632815736524931,3.2339264149464735
2.8445612443976476,4.67028840978565
2.6044852278098345,0.7973567346829967
0.8726477092106698,1.4395918710012197
2.7108352816004744,4.217191006412159
1.451589542285318,-0.21845737439859444
2.9037200591834833,-0.6472225221652778
1.7081651763677936,3.2868627092689544
1.1828659216459636,-0.5095460419941747
1.371971442582931,1.506142742136349
2.203099119192479,-1.2004689500061207
1.1678993872894163,1.7620947568158456
0.9372899759281222,1.6126816481875677
0.8435690296836695,0.9065002244319723
2.940557523083255,3.8202404483377346
-1.3231157625420158,-0.2090939424861607
-2.742528123881138,-4.320130995465365
1.9882845874953208,1.1445944618541186
-1.815568887226395,-1.0848881542967237
0.4942184175764394,0.9166952623173987
4.194184544928356,3.8513384569572673
1.1793487395288378,-1.981787818620912
0.9343481371490018,-0.8598191897395635
1.7243985529535448,-1.1455055727038912
5.293992141332717,4.283582748444005
0.6516216684943238,1.3951402424527721
2.1375791756353255,3.8645047671606965
2.045067299657722,2.8966182853237243
1.0924766295348327,-0.4704431568232448
2.0331129287849574,0.1672087200405536
-0.7169328102235132,-1.4536672415311322
5.658418655475483,3.9226471391999196
1.0188622907317038,-0.8404599987645187
0.9825848043797087,-1.9217021248227824
-4.823817883385408,0.9403776710469596
0.9078392593638404,-1.6389807644658307
2.3870565677263267,2.81414305066989
-1.2015258953196875,2.0678029154167707
3.809142291079928,5.241243222750294
1.910753179689355,-0.44750615342305544
0.875742708431534,-1.1439913739951582
0.4284792872610585,-1.0627669474280892
-1.3727768082497933,-0.3261480328718546
0.08798028997334695,-0.651090414750173
2.241276559866767,1.3172882187318349
0.20375872616969604,1.0658081779038062
0.7528219163936826,1.3566733525526447
-0.8421386154748213,-0.38850259364795675
-0.6715329009641029,0.9821295631371068
2.8325883270592476,2.930988950118002
1.3520389155436965,-2.9053577733000044
2.0020975789786517,-1.7645085233042528
1.692314564589189,-0.8392190857692866
3.87587585125419,2.8656459802465992
3.52087259383019,2.2014284583605708
1.0183705887156058,0.7108458637036233
-0.8369628324051476,-3.7509501807842716
2.6088233367061,3.974933661906147
-0.16605197291020254,0.018904916627682292
1.9266863896662427,1.6975676996510904
-1.1719485861169718,1.0548670424249447
3.032448880431283,4.811376449001166
-0.03964338913482463,-2.6213047065450508
0.5709868440796589,0.2565049172396167
6.657953456245689,5.452478117174103
0.2557398935803424,1.4699135944396164
1.0076066022735741,0.3122742549233543
2.0947155873949383,3.2387390308994197
0.9046848139702471,-3.5148523836502603
2.9352490335021266,1.350263425866108
1.7678569767183687,-0.8993720659852238
-0.41076339034088855,-1.0900764095897066
3.779668523626109,1.9153136260294594
3.9380194096797325,4.950783785865778
2.8821142286828354,4.686570031022934
0.571016887065,1.949880479469542
1.8707525561958929,0.6065773256175023
3.303729307986602,6.681945518891509
1.1840679270488716,4.708588220629385
2.978186648636183,0.6484136878180864
0.041123352344154526,-1.3293040591673118
-0.6625306324799977,2.9177029622988173
3.1109898587492553,1.547329478804163
1.6329792397850957,2.2169170975988846
2.325650872058158,1.036048006642489
4.471023622826966,4.706391001691591
1.9762374387323007,1.3750940148597992
0.9750846170988402,0.902761169092156
0.11246693917139695,-0.15048242871846024
1.2502767547554785,0.7132572732608584
-1.0806082724768395,-2.297767711838784
0.8729561038714222,0.2074447345689862
-1.1638383545453894,-2.202381808096408
4.617057365510162,4.29532454679465
4.98718223716872,2.8530920291875264
1.0947169597869573,3.04422209004741
1.5462234855822379,1.2239903403640882
0.6285023055425661,-1.1485008203386244
6.08043726614027,5.024858815564102
2.680960099547553,3.1738156659447094
2.025122296570426,0.4121778213315679
3.743964465623839,2.487280798751856
-1.1056545857178508,-0.8697035073174791
2.343389189190692,3.1518785098506807
1.8043488965446346,0.377122037399331
0.8874988126758548,1.0797497508605773
1.3192927002053614,1.6475628464132266
0.6747780082303584,2.5823759098022636
3.5187283898814576,1.6372131060142998
0.8856703715281004,3.610311713920953
3.9117637067379496,3.8221995051522692
2.39393135472942,2.771605557832682
3.586651054021992,-0.3237585132085315
2.46782368217968,3.8364773208344083
-0.27311110144706024,-2.161606140078445
1.6640718455530163,1.2865010762717695
-1.542895661991046,1.001429938591638
5.436910165896907,5.786583038720764
3.4165040712272083,1.7208083682364592
3.158374133955978,1.1088556825970983
0.8200167965208895,0.9594884756471579
6.4573258793696064,1.7912638148997706
1.5277069983643103,0.5024184778447539
-0.45132871018474674,-0.8637877012967442
0.443750026340011,1.5830125673115574
3.584434014249819,3.7634848834156416
1.1268285325568432,0.593568082386444
1.1272707401223907,1.3645035142590185
-1.7972060601848898,-1.0432095257877543
0.4949730910467306,-0.41488148170205763
-2.867303125658631,-1.6643887911167152
-0.04828945614880113,-1.1025561589224053
2.289105396510135,2.3978435609896267
3.0461199418891978,-0.6080766258965948
1.9974778933519384,1.5544411596086958
-1.0006467753891666,0.7442587268773913
-4.423653756987947,0.2632887687226437
0.44716635652575004,-2.0770238219187296
0.9781208724290485,0.7802275043135197
3.262179924052078,2.154675918364578
1.228127200976461,-3.247444425272198
0.22839646083232581,-0.4773839970456584
1.0911843812508535,-0.9525422679235421
-1.9684469529947923,-3.1663238617784097
1.262450007496465,-0.09241180089897666
4.879945280612473,2.6839230514466434
0.18651852679788763,0.07867601753628112
0.9124854633783147,-0.4322809661401996
2.561101516286866,1.8758598281318586
-0.3607868941761531,0.8096913011272053
1.0159564579031364,2.6045720125744682
-1.5091581054913232,1.9101653122724092
3.3475075950467015,4.745079536225282
-4.208741930413703,-3.5354661584570963
3.394985738330185,3.3889438307855273
4.4241296480786945,3.1969293526830067
2.395367181501541,0.7626606921893455
3.188069571470828,2.458005658932166
0.34057384686952,0.8885107718186701
0.2921007243828545,0.0547399851376914
2.7967605419284283,3.7030261683175354
-1.541072856086988,-1.2495012378054424
3.934527330623607,4.627755005984544
0.7010365927144679,-0.8199282168255089
0.08526435857233136,-0.8134548417295522
2.171689186341116,1.5221266365646988
4.060923981059048,5.160549123160183
1.7987358723476154,4.313467778242004
0.5702801476583892,-1.3912106973858247
-1.049335798647536,-2.2635147280912475
5.546204526978973,5.0488286097735475
-0.3196597791886865,-0.8503661957532759
1.1642557666386908,1.469315177454533
1.8178782639215094,4.79948429514425
1.4555268480628698,-0.5608023066104703
4.9437455897821865,5.650403792309675
1.9664425913871615,1.8040413530610324
1.9571909311888214,1.0898338658198583
-0.40773586779616466,-0.7697373802206268
0.19134295425205516,1.8580368102154954
1.4832130865664732,1.6735048564682842
0.2163249146952128,0.5623666124494816
4.895381154819431,5.1096215238277045
-1.7527965532737226,-2.041624801034594
1.8686332572989313,1.4993813676218495
1.3389317060396568,-0.2632957280271614
-0.24877394003695016,-0.21766631936415018
-0.18680753335356712,-0.534157279426701
0.23999558397161538,-1.3946676596510923
-1.5662170900347734,-2.86802779750682
1.3565873286233645,1.813356879134068
-1.95422537777057,-1.6314302434097734
-0.17237016053372495,-1.4702884432422498
1.777477089393578,-0.3588281609268571
6.582732920880668,5.8852984340198224
2.991535282924725,3.8644868547226827
4.9063488562811335,4.004188539315793
-1.876400741077592,-3.589488952051209
1.764181362602755,3.0108427814086705
1.6549444307704444,-0.30927801069665706
-0.4535722259617243,-2.2218171140263907
-0.545549839149028,-1.9940251978662693
0.7381980863990644,1.5594723603108842
1.8667010428673074,2.7224505470286626
-1.4338543765635026,0.5956452427938178
6.424242714103358,6.3971368676655604
-1.990387462383427,0.19798913464373985
2.772318692963947,2.742513361170399
4.665181932914396,5.322635488394438
2.1909860447546428,0.4352831585073928
-0.7127379729789616,-1.2870607891365533
1.1266156909580591,1.291940556545486
-0.8368028546322986,0.15446178049397563
-0.6878814242130399,-0.41707729837795676
3.7233740391986583,0.9668683030636183
-0.8771051749106014,-1.3749223268392199
1.5669034660201095,1.8883858586363174
2.835740729149868,1.428820306460669
-1.1321830807078832,-0.9295452260525342
2.312063606632809,0.08761711452385428
0.4023042766664091,0.6045274616833952
3.658030304288499,-3.4947397403228195
0.5487558226322956,1.3816707473071999
1.5554741928474294,1.7436731770829834
2.062976222482837,-0.2596721811674871
2.736636426080712,0.6771678457889883
0.6346350014745058,0.27876500760614353
4.7237390184938475,3.525404023656958
-0.3461382461946071,1.1981831733978285
0.4026185057236471,-0.6770740001131635
3.339801890945629,0.2538743271746382
0.5479605937946186,1.7576104943590678
0.655063884034184,-0.05052543390389529
2.0606116569363317,3.0802355366032446
3.0352709718615736,2.931689900891677
2.028225738619959,1.8057622261028903
-1.9061231102597282,0.4494908390392149
0.13874417952518284,0.40257469342383057
0.7732839179126471,1.0953400288432726
2.4391065663789737,1.119831723358746
-2.508844949086008,-4.103651241514514
2.6398481059109535,3.556898885811385
2.737476495207555,5.961642995132231
1.4794892357710265,1.227459759224843
3.0198832271411553,1.9467918576714252
2.079270494886197,2.9701100560405425
2.5380179161860763,0.3962780471340783
0.39862108949911257,-1.3285922734926492
-0.9088459688571813,0.15761480981003087
-1.017636570099576,-8.231019913126893
2.288394593698391,-0.7160412160116314
1.1014566722829644,1.8608641253975038
1.8915798879000236,1.3626432250996368
-0.6754611629678703,2.4373207010877684
-0.716083460743375,-1.9531043409893738
1.2610262819684661,-1.0778449024283066
1.3074491614437012,2.087854128371835
2.5285527895149,0.7957735150166259
2.5535184891421054,1.7909380916045814
3.4977277406531004,3.10827344948261
3.4946812688455386,2.6722144467274305
1.7826348876980174,0.6138127175938966
1.4194391060742106,1.6687937991495208
-2.298229975394428,-0.9467034529180107
1.213644694987345,0.7365795340150936
3.891725789977712,4.497297691080543
-0.19242004684733102,-0.45014711591100054
1.0545842855781453,0.9133907581556252
3.619099845581792,3.615983508192849
-3.2863711573661867,-2.2447662336904113
-1.8272571089778977,-1.6772597238373714
4.111609655243313,1.1554905821918018
0.9026808248613183,2.513618192018141
-0.8329877564250718,-0.6951358066781227
0.22419979233026358,1.7194553915911057
0.5578986319898216,-0.41726943832739394
0.8844320132646992,0.2177309643986265
-2.611646355573949,-1.0228730864037847
-1.4600130038724837,0.1202213078831669
0.31587470225988507,0.007754461990473506
-0.03215961951007383,2.054449867284511
-0.9660185647202404,-0.6040592421975892
-0.4233395859621668,0.3821008908943817
2.9987032395695588,0.3285329341908678
-1.9982975740876772,-0.31707586330767895
0.7258087495866161,-1.0912064941793638
0.08474558814954453,-1.321574882001548
1.506981067774975,2.95606639603923
1.2939497857625417,-0.5212922405061432
-3.6713712892356405,-3.159894415199002
1.416893401872692,0.9085906616708134
0.9223371505359987,-1.9947231448089333
2.4629444114374803,0.5966864964374351
-1.8294767094888438,-1.7095841941976961
0.9158832211417011,0.9314214897371617
-0.24982146300045402,-1.6070722867123808
-0.6011956856753997,0.9713271221244077
-0.41102857912648333,-1.549043175568258
0.22302034911896526,-0.27607617155688724
2.7408577973462998,-1.271101087583908
-1.4211529977038757,-2.2915653424078433
0.4713000041839344,2.567691843698982
-0.8104930024599424,-1.9739963898909723
1.430939078427024,2.039035714868514
1.236392348524451,0.6474235852692339
2.104957117055933,-0.9257856644227124
-2.110700956612838,-1.4594493851172976
0.8270824362509417,-3.774751339647108
-0.40609612848303056,0.38075474961790506
-0.09548615342412792,2.4401621002165808
4.57908988209478,5.349121308922151
-0.5486788607457366,-2.203245572761553
0.5705898196911591,-0.7916823378583482
-2.3961934384337726,0.1463085537578146
0.5249229270996952,-0.6501745398794561
2.9943271386649575,6.214403272355132
1.3543780465798114,-1.1759998627729584
4.7381908498466965,2.534542493580972
1.3130620783848121,2.2010099989200542
1.7706667844111725,2.7546421148742253
7.249156725230148,2.5720379199144334
0.9285879821119416,2.5862177284590846
0.0602786915055017,0.7953309058495116
-0.5825897691077614,-1.5720665079364529
-0.7175601816599285,0.4359178725595281
3.644128784255935,6.099365405104122
0.4831734258625413,1.8477572690389115
1.1478135446795528,2.1996288383297515
-1.2135486278799108,-1.6825175406739807
-1.8669569687857954,-1.3378903901227501
-1.5720691064157397,-2.699962109478762
1.4783080058697997,1.7709457178283663
2.3083921266189957,2.1928754151905294
0.4648541654772004,2.4768626198806842
0.5638314692855387,3.221204902405577
-2.892380001263547,-1.0657017004556069
-2.6499073934176356,-2.7593228495908106
2.111461071146792,6.7985375587851395
1.1520993146917171,1.147453423540711
1.482110071132449,-4.217577722794116
2.269773922565088,2.1018748747327782
0.12993698677490248,-3.0436839449175057
-2.56287159194596,-1.532020534677768
2.3820197896832465,-0.2884505716691798
0.5801065328594212,0.018070953751184865
-0.03766397997650145,-4.62189990511236
0.709595616773793,-1.3568272765545855
0.7124762393846216,-0.8862563321962793
1.0579593518213508,-1.4909426097371203
-2.8424434390527225,-1.2913688665439629
-0.30282289287699937,-2.49340279445134
-0.8862271171892665,-1.8874465835156509
4.932062820533506,7.920427023586142
-0.44090904548154836,-1.074569779573812
2.938311067797759,-1.0663545481560057
0.5278086110598894,-1.0746580897565101
3.386481295474729,1.3299530080059296
1.0031091456171004,3.4806960574582946
-2.6200594564199937,-2.7599823306707063
0.48185899621121764,0.7480401814598582
1.1637942188592636,0.006872761426987129
4.7172619864526215,3.0183338891777662
1.8806308087983943,0.6014511259641576
-1.991335880573702,-0.5567355045425137
1.0222361783413223,2.503120087338127
-3.8939438637940635,-0.5096714472086921
-0.22830268570500245,-1.7036672977110594
3.2769652255202835,5.649995726316198
-0.8406700969843345,-1.7548707441125184
-0.9607243098700841,0.5611043770686761
1.3457611381413226,0.3824347472552799
0.5625910280541158,0.5136714555886268
-0.16995627386057338,-0.9159473581206308
3.1353482005430857,2.2983528322849014
2.557876800885063,4.070802435715247
0.015959286864701674,-0.17835771614480142
5.818763808797931,4.875521361906847
0.3082465695905495,1.7291161536758166
-2.0378756343688766,-2.230127551281486
0.8757660853363464,0.40665945862320085
-4.4150846123116025,-2.498078229709197
1.7779260473119254,2.1265508542833
1.9222658865093165,0.22027710336341202
0.6086019236943166,0.3714139904769255
1.3165592089801257,2.4583430823117425
0.498666244137325,1.3769859779193359
-3.107360326431707,-1.1499263204284553
-0.20743042925131325,-2.498289890885078
-0.40054367031837357,2.40222199328439
4.292949923790116,2.6245833315505878
-0.6329675033300249,-1.5727374587068408
-0.04009494287250023,-2.664246775936451
0.2619682734568791,0.8693964716990352
-0.11244354994035886,-0.5300904662256134
1.5058128616014883,-0.1991399804715935
-0.39478652539486847,1.1078413194269474
2.042493242646311,3.4778308114127308
-2.966970420309623,-2.3884825525037097
-0.6554445190391276,1.2754054688641576
1.4129980367093558,1.5921735763886957
0.704640031614131,0.4060423719503382
-4.0457880221273355,-2.372430958657027
-1.457687681750852,-0.5814402599556341
5.178803140902277,7.113267039205253
2.742472473046971,4.756330565102393
1.6508444656687613,0.07271845050496552
-0.6507584721956785,1.0692139592315377
0.28298680961514877,-2.8010867720942256
2.86547821352651,0.19561890735848347
0.2569128756887528,-3.2703705905021354
0.37513520289166474,0.39345747705747275
0.03560589929898043,-0.5572859812722194
1.2759448788726928,0.28175340809718963
0.7274146027264169,1.8075697615762167
0.54780938265351,0.880524150296297
-0.09816564190071966,-0.7023683148111864
-1.1487686837780042,-1.072584979108393
0.7927997045385844,0.8971302096296562
2.4952538408443887,2.8034905121298337
-1.1272418685790047,-0.8913116313734969
0.6669906315779844,0.156850365698184
1.7155540099651636,-0.29816235656510304
2.487417827893547,1.9291374359644702
-2.571308198246082,-6.552370752766597
2.3016191302855566,-4.264725114468406
0.12874083212487958,-0.13761924511961693
-2.3334278187639095,-4.8575551362369636
0.9370964279119259,1.6150361901261336
-1.324579045128292,-2.6083171123796887
1.4982761423888618,0.7654715170331072
0.22012467574014916,1.050163300852479
-2.248779252116405,-2.041326499856074
-0.010364825665140557,-0.008401903511214262
-0.8629518354372524,-2.5028216233461547
-0.5066775606140277,-2.997748832814565
-1.4183032119252967,-2.4380905761182614
-1.9359929155350533,-1.0111828558500608
1.1736238360260633,-0.3464206478085775
-3.2425610468447497,-3.9874402471906003
2.424055724324209,0.12496214163091292
0.03221913101569824,3.2704097535024568
-1.2417621273921118,-2.3717237349710305
0.8720349639489172,0.007394114598349223
0.07339621357751352,-1.6329312914953464
-2.7560546475977588,-0.9900959986172879
-2.1030622509010244,-2.5850767742640826
-2.0001502124265897,-4.152374534645119
3.594003407835587,2.658532684964355
-2.243801351385816,0.2523809872409849
-4.879864899710095,0.0543013188484061
-2.889670622963606,-0.37824188014372695
-1.2906214762527464,-0.19600525615330683
0.4396143643435918,1.3688458723264412
-2.4642562955670186,-3.0865019772848172
-1.1951423537985362,-0.623784708742261
0.2764166563939649,0.18955775138689704
-1.803492540405808,-1.0781086174819758
-0.08339636645123871,0.39517964165563696
0.6593925504445923,0.434129798140645
2.146577616226393,1.4782562880652201
0.002210371803956225,-0.003955197701016484
3.254083754765941,5.457876864466293
-1.0792702780505956,-1.188492686091939
-2.1343586752304793,-2.744939679461523
-2.359684011010796,-4.456293492070178
-0.7733914664975831,-1.1306390663470245
-1.7137825029498008,-1.5945118401743374
1.029186683109445,1.0777976371307494
0.30203150877037954,0.5748424097807773
0.5294900579963736,0.39848635643955155
-0.01533015551457343,-2.7950905239174593
-0.19129708258663713,-0.26007154065249827
4.655537789434771,3.7566819506575295
-1.5510615498199698,0.9488761168754302
4.0172365125943355,1.6149383344282875
0.039795035838134325,1.7799228224484078
0.9750705461440564,-0.7212611534942989
-1.7440782860397004,-1.225001472348456
2.583037172291393,2.227509987672844
-0.42493116218412236,0.3774519122872865
-2.2430499112951425,-4.032139725041048
-1.4883490422621943,-1.6672690296318535
-1.8576199281256887,-2.4229134682965463
0.4661353849993257,0.8661743957949918
2.735398527757766,0.6602480067670152
-1.3723449827742014,-0.30514128540710217
2.1945270820900906,4.710074543704456
2.8748098594104414,0.03568050606043087
0.5309404165717285,-0.43707093774280803
-2.0573976252965807,-0.5348985865999993
2.1532120498896923,0.40768737807539673
0.5891339395924856,0.5033285151401868
-0.40715103550565035,-0.8832123296598525
-2.1574852302932976,-2.2718767531384243
-3.1122434930419716,-1.2230435109576774
-3.4126749940106578,-0.834734588441835
-0.5151035598632898,1.5335301038809888
3.566245488496985,4.124221594892265
1.0730518306848522,0.020165130403991986
-2.3085500628323286,-1.7795941465612726
-0.09831781973977269,-3.4319000987070507
-0.6437509159223582,-1.7896533034311557
4.75471705869439,-1.011115993078449
1.0468816307594284,-1.1618281422289838
2.747290634171653,0.5352398756184631
-1.1618608876116308,-3.8422166756879763
-0.975555308335185,-0.6831313913609741
-2.1513840137784,-1.3211417616743375
-0.3435654858309067,-1.3306838863921384
-3.1776545214914234,-4.34365820180583
0.6389107032494478,-2.38381971451656
-0.8783248810104965,-1.0619166532804338
-2.1566112694611195,-2.3046489477391487
0.9320625409673197,-1.0526322986800436
2.158763444711827,-0.5212338912718838
1.0008720709048087,1.1461669401070314
0.9499174819906849,-3.062258733139561
-1.7026083213084586,-1.5542042963737144
-2.320910346942592,0.6423114211038635
0.5454107317171208,2.0760510269515096
3.7492218402167237,0.9420833103211192
0.0644760937139952,2.2032520485400067
-1.8604612159411806,-0.09251103073789041
0.2478144179088069,1.5937195045167247
-0.1755521153782035,-0.42067587541048646
1.4815275875629295,-0.698816675378312
-1.3468050480190397,-1.3051470381923451
-2.7616879085209636,-1.0823817742400452
-1.7547239407045678,-2.6047714912973947
-0.09071303421806116,-1.2614669384129111
4.145190405723346,1.1902802710419595
-0.5845976506957563,0.24927463338823447
-0.7627525317570943,-0.8434454885298278
-0.004756801213782564,1.0629594039195258
-1.6799638388341938,-2.0367091430279385
-4.411281669950678,-2.507342968538506
-0.7027292898880195,-0.11670370215488395
1.932724695687461,2.7498683618640833
1.0216206561331491,1.1369333629814977
0.6991361703721704,1.9771140103569445
-1.3346537650035548,1.7260871086315062
4.834515209797938,2.573754514956177
-4.9558550823073055,-5.238017693870727
0.8791304533422308,-0.0931241660384953
1.6461311647237915,5.668651587704208
-0.07451910319050721,1.9697544879943027
0.5032946399127204,0.6314203372382052
-1.427403822163851,-0.42947951760915465
-2.773886659550059,-1.5430035244208702
-0.6702576013375602,0.0016580332421241677
-1.7312627028085932,-2.1459540358600684
-0.8444432831651112,-8.136104245425875
3.6350420695236823,0.5861583142994766
-3.3891885338994716,-0.3625787532136922
-0.7646090516745271,-0.3050509306897092
1.0130089396083104,-3.1662545166775034
0.6124505751949154,-1.679489834308212
-2.4688598693308723,-0.4245129011011337
0.6496839594131462,-0.5967290425818514
3.2427573549294193,0.9222365725931021
0.5259422372540581,1.4253031215863963
1.2155094624587117,2.497640336922869
-1.5533451704883445,-3.4206280382527456
-0.821329122056932,-1.2786512411000237
0.033689953535669226,-0.9511020495688464
-0.2749212100094238,0.4853868400074046
-4.898452930785171,-4.0502798924032835
-1.3786263605853712,-3.626055013024859
0.3669507902357852,3.587063325227628
-0.9011954960623895,-0.5849990129301964
-3.4950460287703127,-3.8166890039171344
1.4902230939240975,1.729403797818066
0.5651669248502312,-1.2357423371826577
-1.1791654203760362,1.5398457864284147
-2.587794886935797,-2.8516602170342207
-2.01929836723638,-1.4863680868600129
0.2504208923186077,-1.691775594868936
-3.731746711801967,-1.4725017650715182
-1.5288465727148066,0.9554586510902133
1.1460802136798007,3.197768827765616
2.3569586730534136,2.501784682253791
0.09840723112458087,3.1829210588252703
-4.057303364123702,-3.60972244146718
-0.7380705509618448,1.6030258375667692
-1.5735349591710008,-1.5242646708702456
-0.08454822016888515,0.8482181193860089
-1.958297170087906,-2.132235446148619
1.961165149718627,1.4261790235569822
5.170052800424463,0.7432547003356257
-1.0895519672609102,-0.7454005190119083
0.09109439822040218,-1.519178071407621
-2.9927680417205447,-4.770702686022985
-1.2858392657803779,-1.2768770567295424
-0.3858653917513658,-0.29142566402691505
-4.193596521379423,-2.212605132236378
-1.1886163777346295,-0.6620661503124948
-2.0834820252767448,-2.8149961120769675
-3.57419967979664,0.06593323269784856
2.783273942428187,3.6040212980634254
-0.24334997577953327,0.005032532441696778
-3.5329402130668957,-5.253917118067699
6.4732872976194376,5.717116600143514
3.4514263513721706,3.3827143696311985
0.44899040470168783,1.1298786740181623
0.5729078561331684,2.196304707025597
5.771709851041623,3.5110553647812446
0.5596807814193067,-1.424871671182569
-1.9935344455423598,-1.6722361346611399
-2.0317768914463192,-0.6043609552308812
0.27892762169778457,1.3708498795506223
-0.41289346908646807,-0.9362199703936653
2.369519589738496,0.8526328686773307
-0.3711160880967695,-0.07263050048855262
-0.27961311117595083,-5.143873075077357
-1.0427769493529473,-2.9078960608935613
-2.419871728399857,1.1137345364806297
-4.549255813411559,1.6345470801649453
1.3464214853897214,-1.5522541195007888
-0.24636983016708666,-1.484269364721494
0.11728767016762835,1.6464119640217707
-3.4501631872048195,-2.0233966748579686
-2.3594001495831987,-2.4556030585412567
0.8055146145638541,-2.1966573136177203
-2.31342763564237,-3.5596064568904002
3.962154451295639,2.165739867063739
6.70928703058775,-2.6956381056268937
-0.0654379146043029,0.22859776895984485
-2.516203384480927,-5.832127881636582
2.311374633422667,3.5322251925253276
-2.3146775926979255,-1.354058839122105
-0.27257892335004286,-1.9223249808183767
-3.4211941014224405,-3.4904388844326255
-0.6163266530127508,-0.5652842835752525
-2.247218677662592,2.9535650990223643
-3.016967524682439,0.06728195845170452
-0.03928843778803547,0.24397226150037862
-4.939074775433335,-5.928310622450735
1.6023388066919773,2.0796239433557013
-0.4622228853823175,-1.0654315163370214
-1.7396450020528178,-0.4383886352181182
-1.18315644519741,-1.4502523508662208
1.917841653829729,6.2957526816891
-0.4008264497702689,-0.5744571755953917
-1.5967208122597643,-0.00941399245615311
-0.21160045538169567,0.05542401395230844
-2.0543819139908237,-0.36995044895266493
-2.21066690000894,-4.334300292356417
1.7657120096682675,-1.485920311878989
-0.2418223503066315,3.079644086349367
-1.1826304254583098,-1.6620029323165644
-1.1998090197203408,0.9737583809396329
5.034923316130343,5.0521828862683495
-0.10140090519886316,-5.098458408979605
-1.091945828039327,-3.4311437831115756
1.8106713302791244,2.9409525244821344
-1.1158112549535246,0.9256430087644507
-0.511421126370695,-3.146842874933276
1.7478732084499935,1.8046657798220938
1.8096527094421886,-0.5769201915520333
-0.35844017342376167,-0.3856143317756428
3.1523643768774283,1.8186724772106213
-1.664209280629493,0.08137332882463912
0.9088698927418238,0.30938781328148307
-0.24615525435914076,0.8653758427331414
-1.919581782160379,-0.25126577370114767
3.2244753692049395,4.810278943493803
-0.7166846911183202,-1.943783199708655
-0.8697146846490993,2.590752683348578
-2.5303846696195635,3.718633537368323
0.6603135920848451,-2.3064963983362965
-3.727739481921592,-4.156488121828601
-2.0024411093214063,-1.0847149493219659
-5.3598186164292825,-0.6907911201749561
0.08472128393865046,0.5751340941194786
-3.709362487361242,-3.2765099347036446
-0.9070241197643827,0.5997146761743404
-0.9917586498626486,-3.6283209667738654
-0.8505213822753089,-2.112969460496607
-1.2588928665082004,0.40733600328455544
0.6792796355352239,-4.632110991857185
0.03930484693985961,1.0210204097430824
-1.5264497405491853,-1.9510014524794674
1.4390045583801758,1.0830521511557911
1.3628035750711958,1.1260039012327707
0.8216167671750476,-0.38925552028620625
4.00017342426009,7.483553168971614
-0.7627201507270749,3.197674463569742
-1.2481446181568334,-3.153747255224151
2.5328476630259757,2.461465925372763
-2.1599703484821426,-1.5572011767159268
-1.1440165375201905,-5.458892953807191
5.433566026283101,3.9653089780612736
6.100322880617503,5.731986497427239
3.242285247042394,3.716431598720654
4.0469661847941705,1.7944436528035348
1.6397832661094995,1.9870803566166517
1.7741692955995965,2.9649698701298477
3.5500578469624338,-1.148459894297753
1.688934985847245,-0.41054565263986265
1.2905662792724732,1.4982522988361524
2.7359733295886235,2.115674046292701
2.690669108539291,1.6966867417501827
4.666125237474537,3.4352638909074633
2.1839201779384183,3.199182495800072
1.1742430441481753,1.9420498047749772
0.9245928903737445,-1.2598322973427476
2.191560653701716,1.0614106557955867
1.8635523251076231,1.1173363642484777
0.8726183385925118,0.4428308745726702
1.6324377760266455,2.3376186402246417
0.9173874882419653,2.7445194891492646
1.2297056402237565,3.123919466285507
0.24348135995193276,0.30978868779657576
-1.1174935552178096,0.27097818971371973
1.7858446010858704,3.1216973557740597
0.20444354113510607,-3.0251313997608835
-0.37261949411947953,0.10243456126841372
2.349420843686108,3.4925484257626165
1.253116472345771,-1.5263857416161926
4.078852260983902,1.0417690101358241
1.6933509811699254,1.0647605202917871
-0.20353613026991751,-2.7197018651534903
2.01967421717117,2.5508487587215303
1.8400067831633296,2.480421260739892
2.859325422381584,6.311428023804847
1.5186428987818612,0.22765957447360127
0.2559985156912877,1.235403538090814
-0.9359123330927461,-2.9619082788398896
-3.0622319890911607,-2.897030991636281
4.365003987663808,-0.4719486799124637
-3.030428880531023,0.033160768691186934
0.061262453832130276,2.5353625354132636
-1.2245718012575453,-2.7213920812770187
-5.373313633113529,-0.0013947653252389244
-1.35689648511816,-0.4997837393038649
-2.0596191582936014,-1.1182119688703318
-3.8753113995069968,-2.2871096743474424
-3.90108771009172,-0.3052695442844894
-1.7827167990692059,-0.2625694843001165
-0.026311323746166553,-0.22080267547173732
2.313824780233498,0.286404942435885
-2.100514848823062,-0.07126261483910251
3.278558205507443,-1.1956158632164895
2.5337349396084954,4.376136318301747
3.7737160891988033,-1.3492776003072564
-3.4610297777469063,-0.041197381110376845
-6.546472259568692,0.08840856550248036
-3.4260179388745375,-1.0214066646587059
-0.9858340547430785,-2.115691223643661
-3.842952898281389,-2.035661939952316
4.6257500989360505,3.11796194902315
0.5221757194387606,1.7475309047035232
-3.9428109683180854,-1.173410830490439
-1.1998012550829662,-2.4842117601386704
-0.7091276286253351,1.8023547307647076
0.4650793001096782,-1.2220151564540234
0.9264336339858097,-0.22004626461641458
1.877244100208074,-1.3828063666171568
-1.107378584788841,1.6764640410712892
-1.198784806683059,-0.5988361892955184
1.6333599274819326,1.0356042488586505
-4.31860446785873,1.7917865285847085
-5.0279788427895955,-4.61943816991289
4.18999507144171,2.5918793514759138
1.8497216872384206,-0.10762318651410535
-4.967475397335646,-0.5196097639489998
1.9546745573409632,4.523670282680353
2.6091331267323974,2.850473160421523
0.46930111052161483,-1.053465342179808
-2.0675032763041576,-1.2346242720996683
-0.012181474010839036,0.00029040518290803516
-2.336868228726753,-1.7061470698350587
3.359193975155112,5.848528969388328
-1.5895829294322872,-4.85753739757736
0.2694808966389252,0.45502746688777307
-0.2121462722266617,-1.521680390777185
-5.0310965291914505,-7.525743966259508
-2.505773504599525,-2.8622527697819184
2.98733315265391,5.005774091949159
2.3325644772443015,1.8526280719781905
-1.7000495318395872,-4.60988158257383
-4.966711514742344,-1.3456367719423112
-1.39647589711226,-2.2244401033330248
0.21001485849383889,-2.3416779174648474
2.7126266040036513,3.850591205759869
-3.1844996163722077,-0.871604556002428
-1.32035058311959,-2.183749948548047
1.8472788920647834,6.774574744297749
-3.6004002421396066,-0.04948905661300143
0.25929660385443604,0.126778163815783
-6.704360586586551,-2.0019671351873547
-0.532691586233082,-1.8415450582467194
-1.3911168728948273,-1.7032290237737342
1.5172474201054993,-0.0531447599324094
-3.349802741913533,-0.8655147167880587
3.4154041954700776,4.331621856573643
2.195197188009707,1.5361326409901763
2.225319663906451,1.2314990912217654
2.961364883689872,0.644698075218151
-2.2718138826646164,-0.16134451768499528
-1.2361635125536932,-3.6963258703151176
1.1440009276665406,-0.7003587672487216
2.2842072886788483,1.383590905925266
1.0609796151925623,-0.016754706056649547
2.3976727982248187,4.498611813948543
-3.3791448918119102,2.8007375887933708
-0.47229861579569427,-1.6755811393706925
2.58903612773515,1.3021719627746464
1.3290791356180855,3.060607534952505
-3.052103741530543,-3.34949036403091
0.15964154817978005,-0.7846326957456814
-2.0936354293872474,-1.7100794258802838
-2.1589284481781053,-2.776161907236019
-2.7203018785462607,-2.4403212786969553
-0.2981287050969369,0.7628032725923822
-3.486146034110054,-2.894175577305206
1.022180313262529,0.6299116553586521
-2.1344552622227275,-2.1018965837523713
0.5148484955921235,3.3817029092164277
0.34430516973776204,-5.304765004296509
0.06920851384276386,-1.6589695194312355
-4.640651948928354,-3.0745275326026142
-1.74959406177645,1.3930382544777964
1.8852534228066875,-0.7452202086790145
-0.19728884951105996,0.8088102494750934
-2.0272182285327838,0.0789290099938883
-0.8564755990966598,-3.580638477603171
-1.8609436102762087,2.039592207977126
1.330618350437668,1.7414906241734622
-3.1132913097992883,-1.931316411512078
-3.425517353332669,0.5152192619954953
-0.7721271688691254,0.9289282951957859
2.1903762975854435,1.3214891566815206
-4.591976455257609,-2.1035924031164828
0.7658328115375446,1.069937213568347
-2.897413776557569,-1.7892879347960426
-2.843322943476723,-1.939740367932095
-2.7733150738232037,0.6576155386308636
-0.5018156131111166,-1.4421216159734433
-0.575362094430981,-1.6624522264324553
-1.6826882296489885,-5.167812753259171
-0.34492255341540534,-0.8925311373478299
1.5901330792717883,0.7867734498429315
-0.6209017382291949,-0.9454076510449024
4.198165617861492,3.370801991720474
-2.288085084000242,0.07085070130763492
-1.9615708560634417,0.23421658095399095
1.9855033781393605,1.499748807921947
-3.2707800232000883,-2.1446275324778874
-2.074938809132035,-3.0826873080808834
1.1951303779997067,-2.5167574923848504
-4.167762519957076,-2.53078278909164
-1.816278069253339,-0.57675943095726
-3.214699457378335,-2.645041601508927
3.4480102161017028,0.6382339129291108
-6.139138565627726,-1.6814586750086087
-1.0942954617350604,-2.169961185845937
-1.4968766130087356,1.4950325470634795
-5.117611803442901,-5.560315348351794
-2.041264314196078,-0.15472558481852275
0.7601513391101852,2.296118640944522
-2.511826570205285,0.08749791114979766
-0.30242721866600114,1.2315705610053957
-3.784751988505499,-0.6148155282349166
1.9431024381027537,0.6361054003597866
-0.40935619757146097,1.8047848048680104
0.43288328431803913,1.2428576999422654
-1.6056342627855578,-1.8453976235804188
-2.080690652498526,-0.1828443816157032
-3.122566084026115,-6.25849650009359
1.7882806652306011,-0.05807059432742015
0.21843962518435836,-1.8061590019468217
-2.849784429731709,-2.401408693832108
-3.512521920550053,-2.1222960055853046
-2.9646707724535246,-1.640752448219015
-2.9487942347307725,-4.298761083012827
0.5515541523310035,5.5510137362773815
3.618009940650449,1.3859280399674387
-0.0842220010213807,-0.15438374919203154
-0.11982982219762453,1.6829967742648608
-1.4187580929072863,-0.5858251376474413
-0.8786994653344821,-0.9047058989733505
-2.7111624871924924,0.516864659916176
-2.4299194564210387,-7.137545177873604
-0.0944596248830836,-0.04744270784834676
-1.0144379530893917,-4.588002483640346
2.009151185455188,1.3788683748333388
-1.4409292023806928,1.0434416184620317
-2.1047116398174883,-1.587119671599244
-3.536115585837909,-2.169312024298814
0.4907087510617842,-2.4771623094294437
-0.9561066173222207,-0.23951664562601677
-3.1777156631536263,-1.394656134014867
-4.380607932153943,-3.136950067066487
-1.2309954233985212,0.11864580778051471
-3.7808836984949394,-1.0260225737122806
-3.689929150030592,-4.814164520882797
-1.502732297832797,-3.881185765091379
-1.3326023109215124,-1.2386499087897531
-3.750884717980318,2.2162614706284636
-2.8978427241084264,-3.0522977399908267
-4.3592713294397,-2.7983563897095824
1.4294610523285218,1.361772960804578
0.9019527442560394,0.3764352367966088
-4.672389035017098,-2.478217230082745
-1.261406669670062,1.130168193288765
0.7004424956876899,0.8171243431837917
1.8971929649812826,1.4790485567536624
-3.6193769424761664,-2.390555335989538
-1.8113923959656557,-0.6138583698461306
-4.477861827554019,-1.7689053209554582
-2.8988362135905064,1.002678462671522
-1.8110253943582257,-1.4043238179240176
1.7058904957805558,3.2716382009427045
-1.7921969884500237,-4.3136689036924105
-0.24202824963286715,-0.3446576487392757
-3.8382213704561288,0.205922493804289
-2.2490373255059444,2.0407300572663694
-0.9415264510885455,0.275615350962023
3.5549245135362746,2.531040632255577
2.514690536102612,0.463349806924576
2.753338983789219,1.4163408768825874
2.6218006855824596,2.0308323968587345
-2.373832026886321,-0.13572736362132903
-1.8151295880514442,-2.335469463113351
3.0408946131411816,2.802026160983407
-1.8917326478159573,-2.4911371859884484
-2.359160094266201,-3.0658094007887926
0.6525683306872375,-0.5697277923468866
-1.825394555869284,-0.5904649995353206
-2.0576250102118627,-0.6244156530994482
3.585791765328416,5.054020240868016
1.7070209881536196,1.7235152241595064
4.084979494291888,3.121541398276208
-1.9205787304548683,-1.9256487362727053
0.37635146591878305,0.16472397037941816
0.22876598343902912,-0.4283237323974327
-1.1442965459174725,-2.9689771222399486
1.0749556989296,-2.667422634799447
-2.3653586946622096,-5.351733572359929
2.1456858525589464,0.5857176083524179
-2.31164053023293,0.17328786479866728
0.7826961696700014,0.6232688379736027
-0.0031719109784784922,-0.000517919442049946
-0.41566254613547166,-4.12271617236004
-0.9572485346162147,0.06320235147176008
-3.8298394263163624,-3.9980215924302613
2.8376839931747333,1.2147630125111235
-2.378309902218076,-2.3981736452407665
-1.8425635080134348,-3.0093575367248686
0.7651041365830377,2.4516014130983987
1.6147994724264911,2.0444830504466354
0.2093016149979215,-1.3271073998492056
-3.829452157342225,-2.859825715781053
-3.0256874256250375,-1.3640518644333142
-1.9970242031590042,-4.944607889485247
-0.0019881862938084397,-0.0022472859518866024
-1.474116011500629,-1.983811014274841
-2.5140886704781122,-1.9124563785851993
1.8746840084123761,-2.119220342926819
-3.1014250444113824,-3.9601312451178465
1.901091311280654,2.188570765071279
1.097374250917082,0.5871707479825743
3.602900001383442,1.2161262847673497
2.8240595753633877,2.0280447092945826
2.3593299573178523,1.212737613456814
0.3419676059565573,-0.8099947098465204
5.045808918416753,7.141735423327641
0.3750230456445106,0.7174683682324743
-1.8670057723303988,-1.9208143128380586
2.8547878718997888,2.9248589841559522
1.0935818159858999,2.746937832580722
-1.5323082132082866,-2.2982500087609563
-1.6494312107024107,0.6556474873612773
-6.5476740920044065,0.9935763140790892
2.4895082427408806,2.5170823502308406
-1.6796393425528278,-0.5550903448879658
-1.915559075638981,-1.1477682377147609
0.9011889254499114,2.540782746477388
3.8639196869705814,4.0165799803844795
-2.0103690154872056,-2.5704317337981486
-4.145919512672125,-0.2659263729502044
1.5933612028351731,4.698005692865905
-3.8896751632103177,-5.70354159235446
-0.17540018109562258,-0.8558475560040113
1.7820403077043596,0.9515003105443174
-1.7474742245698764,-3.3333959007412792
-1.724332270206574,-1.2551891519888503
-2.841202871001756,-1.4539745886259368
0.31463689098326336,0.14215411744075776
-2.129728117841025,-1.0754458044491992
1.1358954603975653,-0.25272696745529555
4.8092516999243395,6.787372628894368
-2.379040325860235,-3.3964016052327892
-2.6805104746084396,-2.772511778608311
-2.117435215181038,-0.4108825656151592
-2.618749878832914,2.458625883744023
-7.038765157968285,-2.9788250800266365
-2.3989050343232954,-4.139384744787934
-4.804166354319387,0.5420980279804907
-2.5288004747342994,1.1592215044143819
2.409331058756192,2.2589811850994077
-0.12761250516637399,-2.1181660539632072
2.947570823049754,2.382138379373725
2.3062597044785873,2.708739415549769
0.5648012734757519,-0.9748892850015257
-5.138381308489709,-7.405481652654382
0.2741150358188604,0.6130068141221678
-2.971574802828978,-2.4439517048519366
-2.1596894161363918,-5.986927175967811
-3.1819598994554186,-3.9302503685473225
-2.3173096011393306,1.7243389068823785
-3.889887627922979,-2.1552362718355362
5.545297787886205,4.875491916603984
-3.587240833349871,-3.0612926570834795
2.022954946042775,3.201532099552497
-1.2636953369925166,-1.2192381571846156
1.2109136516316832,2.780459965295154
-3.2082701567561567,-2.642750463470493
-4.9794832116982,0.3408737207017927
-2.2010919762538896,0.8015395248549342
0.1163654982303868,-1.6388477312768985
-1.3551805710610985,-1.6498046190286773
-4.694010421491108,-3.162226586710248
-5.791589864013122,-4.8775931554487295
-4.83587946538503,-4.952545260966909
3.2464671450230167,5.750076567203341
-3.4717022416376797,-1.705972676366883
2.3375039917916682,3.621177925248523
-4.4427303444337545,-0.9705467031531112
1.4885378701573548,1.6366025077715967
-1.4346085901061374,0.2639718684154818
6.466157614141653,4.864419817074431
-2.8188226976491157,-3.947140125826973
-2.2569306048911417,0.383139166675833
-2.65469599210097,-5.209158427594045
-1.2533093569646976,-1.7017908088369655
-2.292969531593333,-2.527800127787268
-1.4248659619961288,-1.7179686814669184
7.295120157676382,5.764532952107173
2.2884128142756923,1.560634132085422
1.1658966354761502,1.2923009538332524
6.844029424549655,5.748503560226673
0.21748818532825726,-0.029891943615991897
-2.1386583210353827,1.988481306009697
1.8558568577536338,1.9515831929683845
-2.9299895314359574,-2.3056947643705885
-1.5227443414576192,-0.620397583949562
-1.3117362286632552,-3.975557212400762
-7.82037171692308,-3.5556781130221857
-2.7275179430106538,-0.027109001935646408
1.82995204816402,0.35804800701866113
-0.44526120146123616,1.0398256968860076
-2.896619291690621,-0.0835335759763343
-2.9485105539981085,-2.228225322268798
1.824027401261299,2.299305010290036
-1.9856797911511153,2.5610307104815324
1.5759876844580356,0.0852552513454023
4.009412986738926,0.6394303102223264
-3.8948705764168396,-2.6957279711858004
2.0414229057044535,-1.0068884789751564
-4.795140159856246,-1.029554496752744
-3.952412537830366,-1.5694574826598315
-1.0464353961717638,-3.280406590534036
-0.051415799769020096,-1.667793450426059
-4.131141681708243,-2.675705077313717
-4.009365912409326,-1.1995981680172327
-2.893153753889001,-1.3285053956898791
1.2867085129254836,4.936925594766798
-4.646003607450118,-1.4795660074499148
-2.158218231804507,2.2884886550906702
0.5310113781942772,-1.9746874633502753
5.743693001385243,6.586769443500895
-0.2875881739160457,-6.06007563973823
-4.3366155124566825,-0.881434500997858
1.8091494907995291,1.9188492265441595
-3.7162132044292457,-3.3506781656976603
1.188519787161323,1.4663816011980768
-3.2064803564729867,-1.7786285768073904
1.7251581158475273,0.5652807775052051
2.530858892776898,5.026187028630556
-1.1700581560432677,-1.0016770332090157
3.47661865660566,3.2373042717691742
-4.400750184075506,-2.2065326514078345
-3.9216373850759343,-2.313379685314587
0.3600826259222655,-1.5423648593433985
-1.6960679213653012,1.1464674402308772
-2.647536652144218,0.8099898966351173
-3.437258726190365,-1.6257724567945582
-1.7731746389853713,-1.4905380057953745
-6.893151134336887,-6.93339625520384
-2.319997900921886,-0.6660112245639714
-0.09908811865478835,-2.3850662917599377
0.0518588961870648,1.8172748779091015
3.991634243030575,1.7286762396912034
-0.7193979331934939,-1.1641893609423148
0.8564280234916799,1.1357697785726248
1.4279997395341215,1.647902222671878
-3.5243444050420183,-5.214313745188158
-1.8069687422134064,-1.0796634331425081
-6.476471843936524,-2.2320066731822386
0.48450511583616174,-1.5762629833714195
-1.6269896151499057,-0.5170274065569441
6.223228650228381,7.852648361171289
2.1213863902144086,0.2537806464913248
0.7237073182785144,1.7459123357647282
-2.9503082220665577,-1.7161445904327546
1.5036255351054486,-2.1540250985867653
-0.9485580604087708,-1.0251066156258515
-5.279428634333722,-1.2276986943245543
0.6736280612517423,-0.42641099519026016
-0.1751588482192761,-1.7484085057278878
2.8091801525015163,6.566015881928681
-2.4127400463664865,0.8228990145414196
1.6976902316588882,1.9279047821162205
-5.335282072988308,1.389505642618215
-2.8510936428381197,-0.4956166649495259
-7.340656438769381,-0.11492645169334
0.6694463574480934,1.7431020480656017
-2.792524836076968,-0.3498463953999519
0.07522142357901401,4.040762996057336
-6.5187272609398725,-1.7859879075239904
-7.100699451510786,-4.851201272618526
-3.0439359188517594,-1.074726972450034
-1.5169666228985912,-1.9399668452016094
-3.1663565679267314,-4.407412428710826
-5.387492310243263,-1.1153376480808497
-2.7055720637030025,-3.2449224652977904
-0.6134140494485782,-1.2070751718913746
1.8587160026822456,5.438842689215759
-4.496732664608824,-1.2069249614101543
-1.6236168082475475,-0.8808197279335556
-3.335719812417774,-5.506876466604212
2.7585707620828788,0.7640805089417195
-1.011346815085896,1.817115070663023
-7.116384033913907,-0.15462884474531588
-8.414801378538879,-5.012462791420895
4.151183303974838,1.550212105598976
-2.0811242497443803,-0.6953803946099668
-1.0237560064667532,1.5874039298225013
-5.210697864094147,-0.5498046945754329
-2.2667133916158293,-0.5506896054980592
-6.630700245799325,-6.77460501666334
-4.592826547133398,-2.755833941724627
-4.650592752080158,-3.8835610746362903
-6.1721128647727115,-6.419734368209025
-1.0732165945067333,-1.4134808406264698
-0.7890097696846541,-1.693585321996767
-2.953228752337671,-7.71837385969151
-5.837451760969574,5.434929662113166
2.1346773611828116,-4.1622532526330005
-6.056157861671149,1.9931191011922211
1.484496210644989,0.9669426765657484
-1.6103784552545632,0.9573982308090795
-5.2762990228960645,-3.750866031276522
1.7769511972483565,-2.1012669770487205
-4.859070696825388,-3.5646241680560076
-1.6058183327234794,1.8699043914921387
0.7666138072493406,-0.948219003643483
-3.400255015223104,-0.669821507873519
-3.7280441153974797,0.22958695188800543
0.8558833602975381,1.5329457431200826
-6.177767086379433,-2.1523340508473185
-2.9353874180530277,-2.09945744491506
3.205186587862661,1.8637771334069426
-0.033502909710981126,0.13292154212540125
1.6341548947753133,2.1643505485321795
0.17157926971995924,-1.0680063312443064
-3.346519606032965,-0.7004915876921254
-2.593898582525744,-1.3669389950070494
-3.50633163175329,-3.208609583789047
-2.704975148476006,-3.1237140469372764
-1.1264414164215315,-0.2210220869642233
-5.582807289166843,-1.6211368016003493
1.9515502246758847,1.0350330312934912
0.9445716344226753,-1.787665046775099
3.526666734161574,0.632845783813914
0.388647607081558,-2.870555137727389
1.5151116383572312,1.2224602249694367
-6.228456331368371,-0.8372788158273006
-1.2238801774982215,-0.13219215482221383
-5.569469297598629,-1.4477440735634541
-0.02887203710344722,-2.067250814901868
0.3425717154657778,1.2304740710786584
-3.466879596173528,-0.43404961920521895
-2.6680840922344267,5.206635437222062
-4.869754284767078,-3.43084628797044
0.5439216756370199,-1.503469184117592
-5.184324780109637,-1.67233396984528
-6.513614789795902,-1.6259741326904504
0.41671366755017264,-4.125710947764796
-4.1652620150178565,-4.350556737269647
-0.9108644197721754,1.6991615888500948
-5.5833084299261895,-5.74148651973397
-4.140124723613105,-3.2093189524956514
-0.8882243886288551,-7.000567062741305
-4.530277288912441,-2.472112965058062
0.3663167102364905,1.0799952303036011
2.2535764775095717,5.500678741505663
-4.423705528357556,0.2921476825334551
6.356714569243679,5.758637004682274
7.121820595777702,4.969575500090504
-4.498112503624463,-2.3109592754366046
-2.656009732677693,-1.5295608343188478
-0.6908484360452062,-3.143554101366264
-1.4727785939297582,-1.4098749904160075
-0.007634748322498543,-0.00534406654482138
1.4186984576900346,2.271655687609181
3.6937049054209155,4.614321193035561
-2.580335408714137,-0.5687910893566241
3.474459553835661,0.605427019583329
0.5929581995938878,2.437749547645081
1.474979529574331,0.7988246781790282
-0.3205489756012213,0.986513333136345
-4.095850895827392,-4.514213101209496
-1.0491709147820518,-2.8544920446004656
-3.6929106290985834,1.751566802726467
2.140378475280168,0.22206515714919622
-3.3389295534745496,-4.190798212123127
3.305737781557228,1.7867473005663772
-4.270567936209674,-0.6492628994507169
-0.41817100523763073,-0.2343739097022403
-3.0667678978273507,5.726518641241831
-0.015272526786397638,0.025860797461795582
-4.973308516884545,-0.23031174826801648
4.640126404363618,-0.544761970015109
-5.084935321937018,-2.2996898259362304
0.38738185808471776,1.79310978770109
2.3989936307777637,-1.8013389390625894
3.0021778342630103,5.599108470147787
-3.533813874070731,-0.3088983245643578
-3.195152566730462,-0.2120808442721324
-2.4517360524637057,-4.47670080799434
-2.4511145453466523,-4.477510723013345
-0.8021629150774261,-0.4111414077692148
-3.4791617807664172,-1.0701214574553806
4.2113454206005025,4.211006011746381
2.8492204974121567,4.964109505356665
-0.6471564773772693,1.8393947566797275
0.16214362098448654,-1.0404323970306653
-1.33733940172875,3.775733761046621
-4.934010925502317,-0.7521603720774691
-3.2871540905273307,-2.1368550634969052
2.1695389513566488,0.43573531547018046
0.07621323424971405,1.39681221596715
0.065204780433346,1.2661366533439664
-1.1560933545991048,-2.6472854749054324
-4.0527595451022895,-0.8164246632704155
1.455765732635255,2.157213095198611
-0.6248888943268506,-0.7651147684518583
1.2197002393249503,0.376789381845848
0.6119963002291436,0.28273218595170524
2.8949261487949194,-1.701661826156929
-0.003769207098671125,-0.002172842622401836
1.0493339484888409,-0.3693486543349918
-0.911466470165806,-1.0963439449014807
1.8585451192376847,1.901483514952434
0.974407951371046,0.44817902517226327
1.1497316116905183,0.8435211795468295
-2.4565744466457873,-3.885713935609378
-0.4561715468712394,-0.6568701948592784
1.5251055258036503,0.15017790985678944
1.4613537079066385,1.1359806891276778
2.1108358233361537,0.7740825987944852
-0.42296231510482235,1.220783583429449
1.833109994533952,1.22256772195958
2.5816115989088204,1.7898913731934822
2.1903095832739634,1.5866426866834757
0.8486875995541051,1.5838056595260648
5.815934496174728,1.530731930425349
3.9981953456775803,1.6948322814458632
-1.4321422332688731,-2.643190289744816
1.4520335635768968,0.5104221600240311
-7.10428151183487,-1.859838472512218
-10.07574371155691,-0.3304947511793828
-1.3979819285313348,-1.5854389297436946
0.9085780547650077,0.029123696455604937
-4.10284528132128,-0.3227513633079788
3.2894016282329273,2.7349118382236552
-1.8917343634438892,-3.0407558400777774
-4.011637088111433,-2.3009744682298106
-2.124041946122393,-2.58438415085069
-0.10876814983221797,2.5613041315180847
0.3580488282819296,-1.773055924948926
0.08250678592895043,0.2119747781593026
2.709770252233953,3.5499801100788293
2.6793938548569725,3.9673703157889637
-6.896934600479137,-2.538738783862313
-0.3160883900510045,4.106830622634596
-4.049017878429303,0.6167349721804805
0.6663043839475334,-0.04853227694108362
1.9043643722722592,-1.1014820366249534
-4.458715558676178,-4.9016038805839965
-6.514947229259471,-2.9032512562449035
-4.487091845651647,-2.0607539607533294
5.623527379095097,1.0707638713828265
-2.178227699576696,-3.5059739534929255
-5.793664084653863,-4.55068194352109
-5.576353518681705,-5.7783351010421535
-2.162440636593345,-1.6849847451880158
-0.8869553130710286,-1.6359335411076874
1.1280694594975869,1.1501889230315865
-2.426354283903837,3.063640844339739
-3.583780358231458,-3.4829733313220244
3.279982525735484,5.791063885761602
-6.021698662144088,-1.8146689587459932
-0.5550775570251335,-0.18586336191209654
4.264101394917319,-1.8527343838466868
-1.292841139318671,-1.1669194077116145
-0.01653009763641268,0.028060498036744434
-5.428737916340101,-4.741504093528688
-2.563652663676099,0.21957667652154247
2.2624378668440417,1.377663348411638
-5.199097188295381,-6.608842090159943
3.207091221613595,1.9896719683190796
2.6233288635829166,0.46999632288123494
-2.269317761022595,-0.04103870453470148
1.6587800378986135,3.3207321500821187
0.008617661431935736,-1.2361360323551551
-1.1476536170665994,1.4205621228740757
-3.550030500023915,-1.2150766854356947
0.37983741737945886,1.2254636227974225
2.068399221078993,4.81090463522952
-2.2678402765065764,-2.708004323318674
0.019805534310202016,0.03270867240182119
-3.056816067369413,-2.0350772489855404
-4.458688044173044,-1.4037608302158928
-6.513627505374086,-3.4487488906554735
3.827290540868182,3.996891904678464
4.9815384654024735,5.720847622561233
3.2182798440894205,1.1451807578039683
-4.624158958145703,-0.20902833595853731
-2.2261666673115643,1.6260076220171964
-1.1699586092850485,-0.5790569281826837
-2.5142147206676846,-0.6324434335372469
1.3065161467144433,3.3953972910828027
-6.012174271011197,-3.640603558057947
3.2154796263397682,2.980572722288874
-7.837381543355064,-0.020248203070688555
-2.463951849640448,-1.0816834658990788
-0.3314997533337635,1.5927747219203126
1.4710659001888058,2.113304408775425
-0.8466920625705161,3.212854253102814
-6.011302022500993,-4.5709849394501525
-1.7738290062013078,2.6018034900299414
0.008627996272079844,-0.08716011446041769
0.5162281199311857,2.4831917648720068
1.1286526290538181,-1.10882526842087
-2.2487230926751924,-0.8775812242500866
-5.420156752470474,-0.09287130871281177
-2.557492294693557,-1.2985118479177395
-2.831370440287706,0.6261378506772676
-0.5872171936363021,0.14541653621797918
-7.825133629221983,-1.328094582777389
0.302599617221525,0.6336293235262874
1.790584196709746,-0.188387997063073
1.1461091153902725,1.5707835602301026
0.6212444767661754,1.3825408729972215
2.843048992261206,6.525905739584808
-0.01248112439834078,0.003566625195788567
-0.015835454367538276,0.019362262175620603
-0.023992687367872117,0.07173854438967438
-4.446359599623287,0.1437494069611624
0.008551741619646877,-0.08398268289307145
-1.9304460667114822,-2.8038597788866984
-0.009604813388607001,-0.009936255009821617
-6.014451807521457,-6.780354682611365
-0.011226096708119708,-0.009424128013819389
0.8090789121956259,-1.6846173153832271
-3.182044655227812,-1.3876342695065473
-0.45124345897572754,-6.9332714808420315
-2.424961247039737,1.0175269363866164
-4.079204315626346,-3.3903223329850687
-0.009420492903703321,-0.030107075843384075
-3.1110857098396725,3.789335744622542
-0.008423763962795386,-0.04233213483630909
-1.0088201903340441,-0.7802646284337171
0.01319877863929659,-0.034925462823206896
-3.5947973281321737,-1.4413998722485708
0.009573778812480241,-0.08967052152771575
0.01196682535565027,-0.05473366201804505
1.5372629092274255,-0.26035299057450845
1.4207825830656087,-0.29210632864110747
4.155335810804442,1.252854655144643
-1.5029853054131694,-2.6701716276594416
0.9208848519170687,-2.443670139530901
-0.2399290376000048,-3.384047750514222
2.612254833324251,-3.148294326985017
2.4856369410784405,1.2670194937247363
2.653302248893012,-1.9599400068891286
-0.8575482781184093,-3.499449496413188
-0.8937474820482331,-1.4347754997839328
1.2167871647294748,-1.366935513431042
-0.3654466858992118,-2.5386416713201396
-0.1904130790847219,-0.003824482002585214
-0.6666048525954741,-0.3661932368748586
-0.9697528773442143,-3.8457112125811683
-2.267222012458144,-2.4853550897791448
