x,y
0.4241585871759019,0.011669615551607709
-0.048366096414799734,-0.20348892930085577
-0.12217511173991229,-0.34823571722522717
-0.5457850610883757,0.30934397533030705
0.5709043477730036,0.17111520085901297
-0.5255539333154993,-0.1346388446922287
-0.38816732480539706,-0.19762487850167343
0.16660801469441883,0.41441393608302723
0.13108476580481632,-0.391567904036905
-0.17203180440339177,-0.35194174554865043
0.09985015872560113,0.16579298178735524
-0.20983739773950458,-0.4259467634216045
0.6447055924799255,0.26192197750524465
-0.4443003314403514,0.27799548272969604
-0.25391668205028217,0.5299413033810001
0.3167849265190795,0.34990317802566695
-0.5587826829615912,0.00401792633071123
-0.5154792594039345,0.04394872832713892
-0.3611874034507724,0.5170379584370106
-0.26506103654711044,-0.4143019583818802
0.497536235952186,0.5794932042342239
-0.49299190115025415,0.33105756953782084
-0.5050674043896081,-0.14982749561490882
0.08249217684123636,-0.2732724200633482
-0.12589843697078396,-0.025376124738535573
-0.0240473022681603,-0.1728627176200014
-0.15103210816778564,-0.23788638548584579
0.05891921621594586,-0.45026288933445535
-0.5998410322630656,0.23683852979632666
0.5230431499450635,-0.25915497834634676
0.5624197728920699,0.2005905213553108
0.5276734653217287,-0.2712088454743327
0.6043939753180501,0.34559181722427273
0.217411636442302,-0.20274052298361525
-0.10748023518541489,0.16330298765825577
-0.2088550013172207,-0.2327809769784244
0.1422019782045149,0.3625160712134907
0.17839454826585033,-0.24326144152583726
-0.43318320937403876,0.2417715384948419
0.06424816742862763,-0.2602428523496665
-0.5020648106191202,-0.03358086396636137
0.17207033855506035,0.002893024414832607
0.5379637335982866,0.27195569399015657
-0.07280774964578589,-0.21691852910182716
0.19782667408835347,-0.41550139924008567
0.531460716614818,-0.02605982339568837
-0.5149184167051262,0.12080429981398126
0.4548795237813839,-0.17566648791940365
0.6224599193584339,-0.016447690593699358
-0.49647511869084177,-0.10676289580690511
0.5650330559616408,-0.0580698751930935
-0.0412355145646311,0.13888922727175973
-0.086377031871046,-0.42654819475728506
0.2572014992464954,-0.37407089947484845
-0.27773040305812835,-0.3219902159151252
0.29748048362564256,-0.25973305815613196
-0.017442857442461785,-0.44642929828201755
0.41944067896219006,0.4479972289558942
-0.15383420815179463,0.22077003053241365
-0.16227959734813788,-0.1752272247571066
0.2950947438235436,-0.3704081457831494
0.006525925838515945,-0.41788437858262795
0.29531268177300257,-0.17532274460596897
-0.5514235963032318,0.30711467904384193
0.03459002554594145,-0.29385258108579476
-0.436205177859159,-0.23286743924769507
-0.5283365182311388,0.35954192533273643
-0.3235728623675462,0.3206076853182702
-0.15358267847871518,-0.47742948953019804
0.49814828859879134,-0.21853172948172556
-0.3373420561547232,-0.3467036074116147
0.42152441120723044,-0.12650280562214147
0.5806535139327168,-0.11169404729902715
0.5562894991149886,0.5147937543586324
-0.570553831231104,0.10135579788763457
-0.2805904500236811,0.058489117090274864
0.45234394365449376,-0.3168280416329747
-0.5288818252700312,0.07360939167222161
-0.4458166010435048,0.5346147325850759
0.2994174674449576,-0.329731298687787
0.648364588036515,0.11318179832205168
-0.09603183814003903,-0.227426367135753
-0.11972852357696626,-0.329384681079118
-0.34210933313561165,-0.17339177291331007
0.5250935815050966,-0.07816541048416947
-0.06502330339542307,-0.2312870985073505
-0.2952352146651749,-0.3434402547173185
-0.5246186882184852,0.3951299735972589
0.38090975957416523,-0.2687964947807395
0.3820582449491871,0.47072430960373424
-0.33939011706784195,0.21728485064263284
0.6439034502001675,0.34744710224017405
0.4441864534205624,0.550569327238176
-0.5137569932607475,-0.060609880168250856
-0.4089862900832693,-0.0694582134534642
0.30276287431433085,-0.376909457756266
0.41485235048668684,-0.37888860019093196
0.5865153032407917,0.4186742519821984
0.558626889941447,0.3847501685137336
0.1274441254079974,-0.3139559308457919
0.18492719654491638,0.11901381570089341
-0.3278671503411812,0.22579559801630986
0.30127867726282764,-0.24130251862380564
-0.5422098928859969,0.12832619765706732
0.3860416083915414,-0.3182440658056284
0.4776198868149299,-0.24040856204990024
0.34182426893304035,0.3922913386123177
-0.31650353086328603,-0.1862019352624318
0.01334949358769512,-0.08894393952973481
0.3786985233022972,-0.3260180376112205
-0.40524814142006516,0.057813590073558956
0.2968241267665841,-0.2723440183123275
-0.44060718759135836,-0.1303557433030982
-0.458940634938313,-0.06690116391259797
-0.10621598172616281,-0.2081289474429201
-0.41701259563413057,-0.2064230691528405
-0.33194473137130426,-0.26477145380673534
-0.4449294336438885,0.45848353517984575
-0.48289661148039825,-0.17046171138015945
0.020852352816750797,-0.48190971531656945
-0.11701081567829702,-0.33356528247220696
0.2595467861156877,0.15844899244880345
0.5797422119773686,0.3535563402772345
0.3633942933539593,-0.24284905964389517
0.07145140915376018,-0.3266968399346429
0.3462461624055198,-0.08134653816595462
-0.2764701868001208,-0.06809148150658444
-0.5802959387154804,0.27740097356634696
0.31524679101160974,-0.13072700834486226
0.15548082901569749,0.4071090626734908
0.13750997146810712,-0.06731198667828385
0.420236303596605,0.5414462452201223
0.17102660950116633,-0.10656135789769983
-0.5299628438121325,-0.05301517636955763
0.005526297526678342,-0.25891319653188893
-0.04446317814778186,-0.45533903744085485
-0.4529327011377707,-0.14478281823925446
0.6236373068074725,-0.020152867691998533
-0.5715848200124461,0.23679892285768492
-0.38997236934439594,0.45085462424157163
0.5938210684557825,-0.10476053480068422
0.6644807111461244,0.01224219562243323
-0.274825978979192,-0.20735380467090148
0.5626952577465896,0.4660450167651958
-0.5741423918872398,0.09216516690525473
0.06100385185452764,-0.3336915472273887
0.5275357955930611,0.5510639013036793
-0.04930783024939542,-0.46827278972219877
0.2703782002700388,-0.17951133332003277
0.28151976067477197,0.16836684126712972
0.3435989385733011,0.40102174154398756
0.36072066100829475,-0.31738923212606673
-0.03795223832902617,-0.02871591757498105
-0.5114496414708677,0.33505532189511156
-0.5396826761170102,0.38205811641714466
-0.30517514802173284,0.05783727665162161
0.21937783292584218,0.46542321517678875
0.3846328501477269,0.5074618974176113
-0.17344275942629206,-0.19625696297951048
0.6204639966806302,-0.12143446014139114
0.029750413983441873,0.11905562917897952
0.45633292587430946,0.14700396872627305
0.4379783227378224,0.4526143146233963
-0.4734683999640047,0.4189835269504875
-0.5150273462438918,-0.12814930085156798
-0.4187024881783693,-0.016851196653435218
-0.4875308458268561,-0.03990087801289549
-0.1737507370995281,-0.42049091673641364
0.11163782075412947,-0.09178244370168885
-0.23386965966234818,-0.1942639089729891
-0.24693498141047868,0.07953577156343643
0.502014518770827,0.2408595696556355
-0.29323337776429653,0.5120777203938998
-0.18325853563826833,-0.23027861224638155
0.3303086965299099,0.5206085998430817
0.15520549291239094,-0.40024383698036864
-0.5885330787373584,0.12805011146451778
-0.25189267111361774,-0.42544431665532173
0.3915363579059508,-0.19740059887439435
-0.039867176219304946,-0.0840389642110829
-0.5920949375162043,0.36059090975633373
-0.06243795502632808,-0.42445588981778426
0.5733276988309451,0.5004444351948715
0.3271932658419126,-0.18774808095327292
-0.424653306711967,0.105208722225464
-0.4180477988699008,0.052937866878340095
-0.15996549953844325,-0.005183256631519862
0.10100666698144327,-0.45556635560976194
0.34985889784990915,-0.2861745124193806
0.6177850250145038,-0.005669718627326177
0.0015495375351591734,-0.19533845339111885
0.6095711441924706,0.4158459382746049
-0.4744351499780477,-0.12801837342782707
0.587229485968997,0.24011046166743766
-0.05692243364036426,-0.38301769600705327
-0.4782265564295779,0.4520137189795215
-0.46489461117669784,0.00920243117890809
0.5610643374081522,0.14557890029459186
-0.01168954314156506,-0.33911466892910974
0.3608182076382282,-0.27642970567533004
0.13068221979512257,-0.34845573895781723
0.4796903803690069,0.3641415283213527
-0.4349504926110314,-0.1275733332075254
-0.3330996622411721,0.04141217328061328
0.038621423511268696,-0.3328045323336479
-0.18282185802450687,-0.4336929223868804
0.31414747576105545,0.5082483643910097
0.513653866167904,0.21890242829868903
-0.5694804316305523,0.0339552556168683
-0.47842687740851436,-0.17243703901235746
-0.2784183533830635,-0.3251765782100374
0.4210588687689431,-0.2889709476613395
-0.5160113381138014,0.27795534566349756
0.07842248364858696,-0.41508202742404093
-0.498628315123382,0.4212830190871154
0.2699399828254746,-0.1254343542209101
-0.1434733696118,-0.3246025783642153
0.5317508248068261,0.36525056067888234
-0.11708031249994856,-0.4223264408674339
0.3688438480522451,0.4990075423938206
0.08337259642549265,-0.4573708177408735
0.4840938395560963,-0.06798526473841908
0.3687623840287816,-0.36702885449629297
0.09281540739493845,-0.2561507731448019
-0.10461783592656296,-0.16414639053347335
0.42121472990174275,0.1511889176654043
-0.5521517109570151,-0.06373812095474873
-0.005021948290940083,-0.44306204575510244
-0.43147558604610103,-0.08863032176681122
-0.23017861376208404,-0.18358949782275819
0.36959043040552736,0.4390611312518967
0.5256102943875439,-0.20862111853432055
-0.289208794316788,-0.3140210464708284
-0.11064686273280736,-0.47255638274482253
-0.05102355426575856,-0.13534920729591332
0.11541625864911706,0.313813036134688
0.07328742958062846,-0.472187801851677
0.03498837110622084,-0.32662840839167756
0.5756686707756056,0.38717199437422123
0.2988619636000266,-0.32895733627111495
0.5228880377938181,-0.13787568404863873
-0.49627344432365705,0.26115466986782815
0.2932339404880184,0.5162348666133786
0.5182996401424343,-0.0880568313749311
-0.2631033504594266,-0.2696305608998031
0.4414630374573185,0.11855275368725526
0.2632901676610064,-0.45031612079928895
0.31509981973451634,-0.20785627223674794
0.25741879763348524,0.3318001528997917
-0.52513909514632,-0.11370567072142257
0.25231956355258184,0.5281685680274109
-0.4999715570756149,0.12687482572526101
-0.4868673224512096,-0.008606599774688443
0.0692962248366899,-0.4266884803541424
-0.019255414902014125,-0.2663601643736722
0.3889737654142974,-0.17181497916177932
0.5205275945061545,0.497382464832552
-0.4100604238520014,-0.0853027904023181
-0.42616774698831034,0.0509086509032102
0.061633530692639424,-0.14147498096982675
-0.27318554186408667,-0.41711054836096706
0.12401933242403687,-0.37073702844154904
-0.42153951699484743,0.3061481234272556
0.35043384928753035,-0.3004085316021962
0.44055099133467335,-0.050120549239515255
-0.4756910981570198,0.2291525271484217
-0.3427538320469305,-0.32060308095656764
0.06386419195722233,-0.47020180741639733
0.09822436820398356,-0.20058180893436364
0.14076357718019886,-0.033121136931552886
0.4127768406912242,-0.32046458664067784
-0.24960292320757566,-0.08391487226846331
0.21459533834458644,-0.408556738937602
0.3533669263596164,0.2987630784471779
-0.5936718265871694,0.09491972249736359
0.6648226861044243,0.28560919259347106
0.19199570134729538,0.21404375253739405
0.6086383976409141,0.3641014311814775
0.46654092694101634,0.5453882354502451
-0.059251050080672614,0.16378543854936653
0.5307061623704916,0.14599047803330678
-0.24055345702588274,-0.41839302939376044
0.3691744765544623,-0.030565838332622247
0.5165079564856299,0.08212291241323626
-0.5963916186197001,0.16953368960630813
-0.4933221271481626,0.15678931455667802
-0.05825981630334622,-0.24025741528143907
-0.20334062516837065,-0.3242905976164314
-0.09360143231275815,-0.4911550808296408
-0.4940727896626171,0.12364240623007514
0.5948859251148294,-0.033358832385172336
0.4160150975346979,-0.28931848489779255
0.4392731855661969,-0.1739305302678247
-0.526344312516312,0.23036969833787466
-0.4425700448759965,-0.25284890250214603
-0.43606043582522175,-0.15045469322649785
-0.5137133533440955,0.23008813993495653
-0.2846583421829063,-0.16321766527268436
0.23437363559935984,-0.2833695618058598
-0.5017845650867634,0.27473589563898376
-0.32740570917907347,-0.009461239665594917
-0.5839324335619154,0.03881476489883762
0.5115046601087524,-0.13847212485309698
-0.39251679366803527,-0.08499521205901546
0.5725418300006404,0.29527456220696147
-0.4687321933735632,-0.03693228461631269
-0.1256246468458856,-0.346153735683712
-0.049639897687155356,0.1341488277235308
0.4187818550678442,-0.3182755387160522
-0.5330357311381984,-0.09398155039503316
-0.06462198218942744,-0.4753783520267525
-0.25524520101811166,-0.23305270379937504
0.13035475798587756,-0.31321745558887504
-0.5700380711172364,-0.00616744448859344
0.17997642009574674,-0.28509151038052805
-0.279115965367079,-0.1506648283864213
-0.29652576623365207,-0.3622160075711551
0.29003652496053994,-0.2082568413199766
-0.45687303398625784,-0.13446761785992511
-0.28397650291657284,-0.21819363073893974
-0.5221584051490246,0.0482334310505563
-0.20649043245927717,-0.018169114167840138
-0.3886032213080475,-0.17226542600967015
0.07848988871379892,-0.3423732268407867
0.35138345187517883,-0.28352163709677947
-0.36061221909766933,0.5485472932318505
-0.36616938131223037,-0.19775270728662275
-0.05383299148578959,-0.30857085914159654
0.17080880207759763,0.08153938966757229
0.30647735004546206,0.1912618006201785
0.6350330006099443,0.13135794124610267
0.44105891096004124,-0.31906558247752487
0.13333192562798626,0.2023123631228909
0.12832433085026115,-0.19284140827910526
0.5854453713619074,-0.03699723796562514
0.0286338947859626,-0.4567693863845208
0.09587864200897812,-0.10988019844952517
0.575931530999645,0.4721634778413377
0.16455668257998654,-0.43288840422831715
0.32391149556544035,-0.2097257979587791
0.4986679050612754,-0.2190959077208288
0.3116115514849755,-0.18868715268020425
0.24248089657937333,-0.3340599301456176
0.13940725526357864,-0.32920383998934194
0.16716644001937328,-0.4428652203576502
0.11522194919307319,-0.3491007980667495
-0.3282679683312935,-0.2505118553966325
-0.3600348184987215,0.1994020774300412
0.5603193974181225,0.4177353180693452
0.43057717413788427,0.41948548319239004
-0.4253234718599395,-0.27557680100931753
-0.31192550430470817,0.018861589293670336
0.0680297039784917,-0.4214161150409421
-0.4259674697158967,-0.07544328326852058
-0.4019489772066611,-0.02480445098309547
0.18661870702422964,0.4042925641997471
0.12335306745689689,-0.2773723796594396
0.6213865517922241,0.3181400652716947
0.44358214717130084,-0.17611386450733896
-0.44763290571919445,-0.058297699646537506
-0.46804161636092656,0.3185884743194087
-0.37842016136479645,-0.24723271804011218
-0.05775234530276886,-0.3908913164080263
0.349323980786752,-0.2533037563021352
0.2288143721671543,-0.3579755928563488
0.5921266224307734,0.11291817476990826
0.16447481963838947,-0.5020556392791379
0.03545561865283477,-0.4469820655782403
0.42615093995090625,-0.27245717978969475
-0.13459912122608966,0.12991111869659766
-0.2322802606147184,0.002018555462959669
-0.18173790211047194,0.15674459756700018
0.6248275173385347,0.08904346055618052
-0.29252156684356767,0.3053962594064807
-0.10457204791928455,-0.36291898122963867
0.3886921313433263,-0.2665881961924549
-0.12421402753513787,0.05067293695510123
0.6455280873095005,0.10835442276276866
-0.47549122449814546,-0.07549546461233747
0.5068134720863274,-0.192821600930263
-0.13502967993138257,0.2637788640137788
0.567196615534698,0.3486055736766733
0.4434785831865185,-0.3485416204735411
-0.46864663226001096,-0.19583143939032363
0.492420155503767,0.5238476234111373
-0.31653784418377257,-0.3100735115568657
0.27818539822774707,-0.2548468582049084
-0.12680692259090753,0.07777308624531118
0.2092013899543558,-0.4995662892779874
-0.1810943123648143,-0.13139763667855098
0.27110002809853756,-0.41605951988304013
0.5899200823105016,-0.12943280537026242
-0.41769233161036434,0.29918332580738344
-0.04206118588757579,-0.42111448723235945
0.5707796287703462,0.28775725442820627
0.32614915811463935,-0.38247822092891964
0.0014854021838390976,-0.0092242600216846
0.48928234410363997,-0.1864008357482469
0.6604168202163256,0.11352957707995956
-0.5322231805142736,-0.10685503064910651
0.44431978021697277,-0.19302873861740613
-0.16972667423997062,-0.4457000983180756
-0.09850519606080962,-0.0705079347330669
0.24232813479070142,-0.4788113972723313
-0.017105036695644133,0.00757701339519058
0.4425492002685944,-0.15972568847792168
-0.040158918435271015,-0.19458324243544187
-0.16043468916782533,0.21615288278965056
0.6568261078317144,0.16869493235660182
0.3076087533113979,0.27499904762796523
-0.262290520859106,-0.2349348019898567
-0.3578067221758992,-0.22865831281211116
0.204201931512912,-0.49810241120174437
-0.01486811571577677,-0.15866752280626908
-0.5329396111282333,0.12044555821787485
-0.37911142532661746,-0.293663778283153
-0.350437323410647,-0.32014596704364684
0.522064618973826,-0.13125388636926028
-0.12229346223349848,-0.4877275488115641
-0.4470314565796669,0.11235737022709465
-0.017833911087408436,-0.46392027044534045
0.19256154510005183,-0.3185959335257984
0.10386999462465626,-0.4658029686641149
0.4057181199434255,-0.1345330364620396
-0.4106439376217357,0.3685753434456414
-0.5540719671926335,0.34485176964946207
-0.28827165750624917,0.2763623267833023
-0.2521142794252205,-0.19561823637907655
-0.1956503868507589,-0.3953543701448676
-0.08596286172254088,-0.36592481915657316
-0.4445318067687076,-0.26822039418147664
-0.07269798847234751,0.019810379960360676
0.46382134232967537,-0.28186572601633525
-0.6100302710144705,0.23235928631548794
-0.355260011850829,0.5374179457900197
-0.5339204836413943,0.05585236852768742
0.48824694938788316,-0.032858163913932065
0.1953580126517621,-0.34999014871010453
0.24130442802660448,-0.423201291543694
-0.3669380572368144,0.3840124797885083
0.10664115346268993,-0.471979320040018
-0.4680832018176319,0.09868841507949357
0.44298648240844246,-0.22529106929107107
-0.47345423384052243,0.015614450640187256
-0.10093923492792231,-0.4222536130924288
-0.5228839943626575,-0.10839806723957669
-0.491445550009129,0.30098144777128566
0.27051216686907525,-0.2877364133403372
0.6384102638849712,-0.009935479523635011
-0.49852125251144214,-0.12096690914647461
0.4509915668687788,-0.3195449340603185
-0.3057348551325547,0.22907155977764487
0.10050371576547441,-0.3659155552072689
-0.313963225556749,0.07539040535816371
-0.2298355027522799,0.03334687011136601
-0.14447592175688054,-0.49079114117443307
0.5404561245581568,0.38986442047387104
-0.26866084166327664,-0.13623877559992198
-0.46932492583305896,0.03796269578301965
-0.29849688185332635,0.28286249812659464
0.5465792165465184,0.34344321760223
-0.23751971657810628,-0.29508652823603326
0.5145690474293081,-0.1334033865984839
-0.368269961941792,-0.04862976937290758
-0.2969727198959471,-0.3183118419184085
-0.46206385856610394,0.473642890550236
0.3654175797444333,-0.41533231111055907
-0.452497319876523,0.26124399167595136
-0.2938362874166289,-0.06775920735176083
-0.39962946797562726,-0.31395822932530126
0.620807094060124,0.029238629594467106
-0.5386474746956358,0.1951418756485383
-0.437372067780739,-0.13019166571844445
-0.5174379139964862,-0.12656813931046745
0.3242629661372763,-0.37347868700628956
0.049529872692933824,-0.34113230001216815
0.023256847410479307,-0.2875618219640745
-0.3900922898814255,0.027376471555253537
0.35502679709168117,-0.41038612283375614
-0.08036904368482624,-0.2857581078401781
0.297670287300597,-0.4006518797334295
0.17223092634376264,-0.360244609760852
-0.21477410409789432,-0.212286767800821
-0.4263583141540562,0.051160572583665825
-0.46681108653538256,0.18720748413757063
0.13790237929366778,-0.3478530701617231
-0.5719006801748984,-0.004456072003109635
-0.14489813926211192,-0.35035630844351834
-0.18110567400466934,0.20959478990179528
0.29429895705985387,-0.10115975691585846
-0.3498687080782221,0.011248437066985367
-0.3258908623708903,0.4935090629846796
0.04186890888293815,-0.2784512179833793
-0.5595355668630803,0.08501608326610481
-0.5409257973561954,0.022010868461687035
0.39179676262552376,-0.3471901460967547
0.10155725100268795,-0.22874797389662974
0.12611650667910346,-0.49249046167487215
-0.46166609784696155,-0.05663411899624769
-0.4292542310988142,0.13958224612700262
-0.5379026449612566,-0.11508267980703629
0.4272490268470878,-0.21620038957678586
0.5207923356162671,-0.07230303387640735
-0.5175604177205021,0.0864963420013578
0.20375886228573686,-0.44326715263665784
0.08020045287036136,-0.027463493062864056
0.07600777792801731,-0.39365476477012007
-0.4139375588030002,-0.14820018248037933
0.46363991259903503,-0.14657648055370395
-0.5425959114450961,0.010779760327169647
-0.4374088465615793,0.11544733856447953
-0.21121698323496535,-0.32933714180895696
-0.39523317851842543,-0.16013118108916943
0.29240850292101633,0.1572401166566203
-0.3658497170383613,-0.10749740981503056
0.5463267473333516,-0.061902877429544506
-0.46449220336669744,-0.08919126453577533
-0.41667931756063864,0.06352323655771351
0.496649868501772,-0.175989909391408
-0.21208789092736682,-0.06426345183245348
-0.1609196407403023,-0.39545618267422983
-0.23138900330105888,0.06648205938658171
-0.4178005916168717,-0.08614051048903766
0.18527034605401724,0.048704242481871954
-0.046417119790740646,-0.3631620082993262
-0.4211611264886307,-0.09071423466332428
-0.12755886521415158,-0.3094627016483849
-0.4338833555130806,0.2583024340694231
-0.05731451462728519,-0.4269777990991479
-0.02721011618880283,-0.40826253974193516
-0.17763756251771312,-0.3578596067215942
0.1464788200687335,-0.4148778280089293
-0.3659043740696956,0.49845569949113944
-0.4996744635908513,-0.136574170956928
-0.15268411207383498,0.059355741067015584
0.16106097498892114,-0.418734533657116
0.2653344304026459,-0.40137951155404694
-0.13150485126995995,-0.016901606463692216
-0.060627946727965794,0.009000244412046297
0.12605410003084083,-0.4707335014135605
-0.4303789065951776,-0.06300743353633298
-0.2691928939384804,0.21396986814827987
-0.04564079730607404,-0.4085584122094584
-0.23552134752629936,-0.2336224518748115
0.49622146244755805,0.4100967976044399
-0.19686834562034053,0.012243938097802878
-0.3805334818383324,-0.3274549849604449
-0.4378107604317412,-0.044949813223441624
-0.02314102096614731,-0.3905222808758047
-0.3284144451502427,-0.2760860021561538
-0.4216417584234497,-0.025191313053360937
-0.2472884305607904,-0.3132234883381429
-0.4308114461805273,-0.19945925083734434
-0.12466828088865256,-0.07725274094178393
-0.2317679005670308,-0.3276265460064543
-0.28410605565942604,-0.10976862033844033
-0.2507509494201325,-0.34857047000096203
-0.23564747939427935,-0.24126260720328083
0.13867969419955084,-0.4601247935122455
-0.31167733330633446,-0.13310908847042144
-0.039179151399880374,-0.335385198430754
-0.371776203326836,0.03624153911702351
-0.350672610845867,0.28051750440275325
-0.27066436754096207,-0.3044482032584053
-0.6175302230440242,0.17059296622034562
-0.1383426344580821,-0.34545361995548785
-0.21615624851597498,-0.22045769633548576
0.6444919166096169,0.23809555481112732
-0.11291982754315129,-0.08143082386066787
-0.054330305045379584,-0.4545925307440609
-0.15089239182847244,-0.4244937678950838
-0.46522132266559546,-0.18191415142951867
-0.3120475727701828,-0.14290430583433572
0.4526713418835732,-0.29589734029098497
-0.04237537744759348,-0.45321590842169535
-0.29311201149509925,-0.2967496649778571
-0.5968133314302373,0.07963075094545265
-0.17049361376421596,0.07870021116634487
-0.3615216639188009,-0.14177488703325178
-0.19644482007165193,-0.3788200357397786
-0.08478668539065404,-0.43212326523942274
0.14668926227599702,-0.0003158833052563269
-0.4559034559152691,-0.06818752668246045
-0.5412267031430311,-0.04392912800349531
0.13123621164876456,-0.3759481828415627
-0.44694031677098417,0.1311957479741842
-0.38929132685942636,-0.2859651660209452
-0.3286034446113055,-0.26733607321185515
-0.31565362125329305,-0.2198002994075517
-0.5196660382494585,0.05663132993208646
-0.34384029205516636,-0.14240287015555897
-0.5245161293406756,0.031904481720026336
0.12451367587993169,-0.0006355111434414593
-0.3846238869446703,-0.20977980380779537
-0.04712871374545057,-0.17852035451159834
-0.5663029474472479,0.2089681148096505
-0.5355702256129934,-0.05004532808865448
-0.2186781048440733,0.30992383712734983
-0.017968846648592135,-0.3114096125791955
-0.32327957777114524,-0.3214873945597532
-0.4062513774737798,-0.22446781615808686
-0.2520371397071507,-0.38850453656778317
-0.2008800087614836,-0.37488136080546347
-0.25805722655924024,-0.3879447413339224
-0.3869572493476886,-0.06922438407646285
-0.49227274018429323,0.3272164813037583
0.0014005880350123805,-0.2810442934076777
-0.5662163981921043,0.38926757809020757
-0.10851376892898897,-0.4730438365708007
-0.5500360672557836,0.08923713584356954
-0.11993711916091854,-0.22936084839360737
-0.46282143457228886,0.3732850400201512
-0.46667813826155785,0.3862395228197934
-0.393295508665479,0.04917927967682537
-0.14693311419147653,-0.37507870486431266
0.21348950526494195,-0.10715307804138438
-0.18797267676510912,0.4720449117554034
-0.35738068298876624,0.3962960021672378
0.11326176456345029,-0.49684480455949576
-0.27100939712449557,-0.38542441183183856
-0.11859087823684332,-0.3500317374211898
-0.1907744979568974,-0.4491937340067688
-0.2642597208874287,0.5370105529251191
-0.504375821117674,0.028900197037918508
-0.5031255739233544,-0.09089351929066619
-0.4507389246799134,0.10426614802387743
-0.5855650742855907,0.1367700378132418
0.6226471858481187,0.3627542896197537
0.2467623595086675,-0.23365016988728074
-0.546804508790061,0.11471689849364791
-0.49685577885573495,-0.05554548328298959
-0.34971128676158464,0.11676788778439275
-0.03415586770377284,0.11669770750352183
-0.4315999610355881,0.35051475770488594
-0.3316619906690322,0.1949067442836448
-0.3069681885894886,-0.29091141981349755
-0.43606373803343007,0.4924975913326255
-0.4559705734309022,0.16268840598185128
-0.3530103088016839,0.05762088887943063
-0.5239362007155781,0.008406182068516342
-0.050597599945564196,-0.3664824137434893
-0.036565739897550735,0.4106881938978786
-0.573022565155637,0.33926261930793766
-0.6041116194347562,0.23793720491523093
-0.17439685965756482,-0.3852727656101869
-0.5024149135770476,0.16066339712751015
-0.18407686090781036,-0.3330313082822994
-0.13998527270769692,-0.24496339422741453
-0.15779684145259568,0.10946532756830112
-0.3358766621489822,-0.36213742536183324
-0.5346387866380038,0.28921195089515783
0.03921043524243937,-0.037056837246094154
-0.48914971652607797,-0.1832635794623438
-0.5291783377259831,0.44470583813429937
0.39073631719942026,0.48362654232679425
-0.5523168830288292,0.1725916340529506
-0.48428320141338693,0.3179882476454275
-0.2819669858676464,0.5194935883347831
-0.41495948888700723,-0.13511391069417758
0.6260873066878199,0.07239082217443801
-0.5717709955335805,0.09665421326867979
0.5342134570363359,-0.052508554385971955
-0.5700995254523887,0.07426248799851742
-0.2334136170402401,-0.04785508851320182
-0.3387791576434008,0.030757295180399127
0.12213339306977895,-0.23686199402843247
0.3724520963914091,-0.10170200898252796
-0.05852805260464769,-0.1658968570260129
0.33471467927212056,-0.32281442692042883
-0.3619029026118035,-0.25271543840881094
-0.5289632568839064,-0.07737311452093693
0.09891089217393445,-0.3716211550309743
-0.5549399527868757,0.01772958614457677
0.4036228908363827,-0.15458920050524785
0.0283082637361344,-0.3869824221703972
-0.4027555618109741,-0.035030280117079336
-0.6066602111930981,0.1456403808394305
-0.3033142590340951,0.46280196433411275
0.3968363924632409,-0.14157884797240344
-0.09812993480139533,-0.3593702168617615
-0.5001977577035407,0.4386052867134771
-0.5682139518746443,0.19978772321556257
-0.42757261567854377,-0.21288190544848062
-0.10648904038828001,-0.15852014799283384
0.37891712388439586,-0.15599182498174077
-0.43719917127999514,-0.0728591590527231
-0.4945586142758557,0.29551328513029756
-0.438164724107959,0.12403993582322997
-0.4097507229372987,-0.13321698892504164
-0.44580249730715943,-0.2608982165571263
-0.541811984098267,0.23839066860323413
-0.5796023307602874,0.2556868339105416
0.4808710264906321,0.3535199807263485
-0.5434823363656452,0.022343783872262227
-0.12353167213579057,-0.270168189664464
-0.5272529252654817,-0.050232141128845456
-0.5139118818108377,0.4581896628375631
-0.015352579002607633,-0.3774066183909395
-0.540376443861778,-0.03098504061400792
-0.5845981406589857,0.2276979473477128
-0.46379265487902327,0.20626618376848022
0.02631026602091496,-0.2061166222222329
-0.38109055292514965,0.5523985511971593
-0.4818655532601642,0.49317036778644785
0.10013627726964622,-0.4543523370840218
-0.48736820185853713,0.03799245579984046
0.17116347721945924,0.01969944740836579
-0.3806396923255468,0.19963620092969295
0.018273460387255375,-0.3560636314048142
-0.2650226360074163,-0.3667775240560474
-0.5043850266627764,0.10023543694170367
-0.38843850350294473,-0.1989111824600854
-0.4121844044519463,-0.16493374394730245
-0.23944738662111498,-0.23026430391767394
-0.08794360225313072,-0.3965962772933565
-0.3933383458644802,-0.24013943397126963
0.06312387311962486,-0.32980288586210255
-0.37744353903979616,0.463462303754731
-0.6100022219389354,0.1749505316017162
-0.3072318017564576,-0.008486710248474671
-0.5453657273488386,0.03977177073940133
-0.5688958349830778,0.029290078962811557
-0.34531005653183544,-0.2562680892303031
0.4055010307838451,-0.22383738234925502
0.5839909002677413,0.07620943004218061
-0.5196656183220515,0.11140587714841521
-0.4556242025172214,-0.17792837884786408
-0.5020590713556713,-0.06387979248724097
-0.21984037385207933,-0.42902859709890706
0.5008981609544338,-0.05290076859600034
-0.4926557485694717,0.46949083806549924
-0.513686074318412,0.4121932154875833
-0.5063471035777739,-0.0014917590015271756
-0.5352508631691655,0.39763192695477695
0.07477228577058305,-0.2637190242607109
-0.2860192058774352,-0.3041203845231322
-0.3235709700317868,0.16274941277342178
-0.42919194274265376,-0.06866445741690205
-0.49062343506826145,0.4293247987978487
0.05129607886207439,-0.460812456600033
-0.3437563387779614,0.4742450956692392
-0.4085042429429631,0.23553618444085114
0.2895206585941967,-0.37043564889017594
-0.4816564596012447,0.16284543623230927
-0.3621847132908117,-0.20756200389727064
-0.35982536354036465,-0.2646120381103158
-0.511763080267469,0.45869733633812043
-0.4750486456529602,0.12278938158240271
-0.42024019103349186,-0.14568411533405728
-0.43677937443132714,0.5179820884404954
-0.255777802829946,-0.12656693621652929
-0.3627705658286064,-0.11192429928154653
0.21885289197965813,-0.3829037466960318
0.021597002201747015,0.12141562699518103
-0.24835901283348868,0.5322077662460317
-0.5530589484067414,0.2942058722273785
-0.5652844478868262,0.34729379321461484
-0.5440921743090634,0.05412472069320379
0.01915055849305706,-0.06696756993458662
0.1929923723536901,0.2668950537218101
-0.42632852478564437,0.25872802331843286
0.24288178472973812,-0.4196734316942284
-0.5858346326305969,0.3233506204914856
-0.16650453020174913,0.37283836837083834
-0.5454829208003464,0.06653675216850573
-0.42074324589343925,-0.2571546300877738
-0.4827929976270895,0.12191628409285048
-0.548766433718731,0.14925480050542456
-0.39287510705392253,0.00819169874915921
-0.3236474611946045,0.17734311083127838
-0.3940843754924677,0.5173767843340651
-0.4057764273487022,0.20596018466700197
-0.15950969745604102,-0.4267302815399646
-0.05508089920554007,-0.44714175760626756
0.2582668087512783,-0.26400098775455416
-0.5740872803448552,0.07383691108387026
0.03391297435229722,-0.4842631061402719
-0.06351811412643552,0.07317364065147011
-0.42523871438786437,-0.2525189714649926
-0.3949531293887842,0.41047347181644356
0.5044162357409553,-0.18154757852275974
-0.34935086998279286,0.546836046194259
0.4477237901841488,-0.21493750785001745
-0.49867674148242164,0.4821603309006411
-0.309939561240427,0.5471288650410508
-0.32715271930254286,0.06503637499644027
-0.3919217207409149,0.04213037130407193
0.12867858625562598,-0.4281333395985588
-0.5377924688240093,-0.06902691268072703
0.4502272531313468,-0.31776595795947704
-0.11644207955543535,-0.27545298958177344
-0.5756231735067877,0.15385589817736153
-0.4558489137185801,0.33782048687042376
-0.45226781427113455,0.5102028425171479
-0.33665438602614217,0.5537058585445612
0.42408637668677157,-0.2740294071469697
-0.16163753880073645,-0.3210797760193892
-0.5846834514859593,0.2334550489117261
-0.5512162565555326,0.19124039120396857
-0.49933782023499396,0.4815096073068781
0.42887252031426454,-0.1957786415254981
-0.30177641832404617,-0.10637424372078981
0.36977372365341693,-0.3527943122965626
0.35045416444182415,-0.22514665042925264
-0.437555903909782,-0.08733219859093737
-0.2320130853006221,0.5427691435378575
-0.011187699079455387,-0.38897422529889003
-0.5220811929744572,0.15626041698101864
-0.07606369567374066,-0.16910451591979506
-0.288580068340808,0.18101622359026556
-0.37364407367294544,0.5052868495143537
0.02642535998226391,-0.49574820239185136
-0.47896307058420634,0.17284787283856226
-0.2745921002111601,-0.0849526703020479
-0.42921003363317806,0.5241852676384606
0.09359365317105542,0.08254685344644659
-0.511496151978881,0.2220529709700529
-0.31877597088018694,0.49886623891216436
-0.3755160109773747,0.5539478261340088
-0.5409587867290384,0.2118964137820875
-0.5609354515209586,0.40918538693760953
-0.5086077010283957,-0.1110238967730418
-0.4876974309766928,0.35714858827392426
0.3195029004221405,-0.45665264200737177
-0.6034162369235548,0.1740263708869273
-0.37544447095513034,0.0269225262114658
-0.45739424464372846,-0.11834494652913108
0.44178786266060066,-0.1866985294893668
-0.5720457541178995,0.14891645413711146
-0.5127013962123788,0.1607941141979354
-0.5727169853384251,0.307072997396582
-0.5094698233628262,0.44313377353496775
-0.3252818001233296,-0.20389912713665256
-0.23612679903344502,0.1373953257527059
-0.30447263311680645,-0.10319263800234195
-0.5120319941941331,0.12435353928901038
-0.47537213989314503,0.22448459026282774
-0.4975790482555724,0.4013058112387616
-0.2026257619544483,0.48634749569331204
-0.4956702472821298,0.1378287078474774
-0.4404157196362418,-0.15998845492360242
-0.5132574770401431,-0.03549021620201269
-0.11029402840624515,-0.36256333647631944
-0.5252381986447695,-0.04094938660934633
-0.5893766918695751,0.14944430594518865
-0.4152280549274528,-0.18400197388468673
-0.5013558173991104,0.25362976664956693
-0.4137977176680667,0.14410409662253656
0.40868180960458267,-0.20940874886866911
-0.4233699692061155,0.41526571328713746
-0.050821067733188265,-0.4350768257862521
-0.28925195872443143,0.04552650842213806
0.06102492340110418,0.13139364443848475
-0.4871015680652447,0.27558244865896114
-0.2758460182387835,-0.35602723506410233
-0.48757391413280404,0.26894512590864295
-0.17912884504748566,0.5315771059098261
-0.3779042252802909,0.5140821799736677
-0.5397792968722214,0.3094737053196589
-0.42150308135667647,0.33158333112678384
-0.0723536152175485,-0.37621225942729164
-0.43949286428801865,-0.17724639415557297
-0.3428967494111256,-0.030925925734564638
-0.2760043974114652,0.04094589957615745
-0.5026737546762735,-0.04901079358800818
-0.4533711767100477,0.032612132527313424
0.1784219200355625,-0.23276301742286684
-0.2392990349059217,-0.34608782961205453
-0.5970425772913561,0.1517416552974923
0.44612451675626397,0.43030199708185746
-0.43972954169310613,0.3718868172865381
-0.36311284855304143,0.4850892686802827
-0.5090028459601026,0.17700329517717694
-0.4384216804843266,0.3406923187813725
0.5616355756149622,-0.143292951476799
-0.4872045916710282,0.11225511263564177
-0.40402153624729675,-0.16655349042954606
-0.5307293484891241,-0.03263936332242713
-0.5208580862043495,-0.12298831342485897
-0.42295656364324574,-0.1289308822912978
0.02393471925457348,-0.03301441020672434
-0.3820258514791746,0.08145905326719964
-0.100586597010185,-0.10465005106643799
-0.16291063370683184,-0.3823373312126829
-0.15322241984181315,-0.37710932478778914
-0.3971175265980567,0.4540474964857718
0.13230163601074443,-0.08120707013440844
-0.4366041375697187,-0.24524194341332206
0.40945763159159543,-0.05599095749678295
-0.2050606339412044,0.49719005057917326
-0.27118972184205326,-0.31458930988464046
-0.6059092050321991,0.249820689906991
-0.4608938872596879,0.03568437914975482
-0.4451290247234093,0.16724825320806658
-0.3408710814006055,-0.04404374751684829
-0.5384825532950271,0.13754212440481592
-0.25026147624499084,0.41143945057308107
0.036987477091807296,-0.44744292084475473
-0.4885783923881038,0.11055507233755776
-0.3224210624533241,0.06751498649582521
0.4276304536097032,-0.08893885787723868
-0.5587164259717913,0.4021807334488748
0.21852628846018932,-0.2651168071105929
-0.06284137427417492,-0.4972420820559143
-0.4992679178384108,0.25990908832952775
-0.12590819365430075,-0.010774463777974547
-0.1880651373684685,0.04970383869802993
-0.5673881821730308,0.09756949453653883
-0.025541939010814495,-0.32267789889745513
-0.27258668768693606,0.3353566266827876
-0.08123072160520216,-0.24122075619523617
-0.4243899117758161,-0.19085223951167457
0.047823270881017,-0.43204466909929695
-0.15500860587351584,-0.20794372426339816
-0.1781741728763729,0.06402904860223431
-0.4183224895627634,0.40904237312361663
-0.5946299995352964,0.10938618283641009
-0.20074476986110823,0.2695928795095642
-0.2402207519620799,0.5296887272210018
-0.32324853180215013,-0.013491192074197206
-0.1852977785205446,-0.28134966774601483
-0.5740657050248169,0.014094579912200369
0.33259480765920585,-0.35392526318760437
-0.1511853546450247,-0.26889776227827805
-0.2890993081314299,-0.27319286696680745
-0.3861285403130293,0.29657535582747596
-0.1378536048463075,-0.021988339070154125
-0.2407799652073091,0.09331518570539384
-0.5896918557516776,0.13584015653981604
-0.23935523661976732,0.14889262650034957
-0.10347869426935738,0.4216663198824809
-0.5405355697612604,0.19682538357653553
-0.5473666552350597,0.16075297769931318
-0.4464891987875003,0.19424558712716067
-0.37474277630500064,0.20772234219673724
-0.42067557786999077,0.24364879852542518
-0.39957009699996265,0.49777618854438077
-0.5287610942179827,-0.12817496769518263
-0.2985290986926124,0.08534102316516762
0.43093625134591346,-0.0018089271436160703
-0.17686179099406663,-0.24967278430761503
-0.28632223477050295,-0.24507735208310488
0.02415438957847853,0.027481752239531972
-0.3128661852030982,-0.06373517223356398
-0.44159602547409926,0.17187406041131512
-0.280938327198156,-0.031196579798959963
0.13871245860078574,-0.5010967801938935
0.005472758947457665,-0.33666805189517496
-0.31065473026510204,0.03731065228451077
-0.2554955063880386,0.5122253628795106
-0.5289306173535704,0.2997931967882681
-0.48813477734550836,0.45706781207931635
-0.32253341436310706,-0.3297764656787936
-0.35381483759852417,0.38470446004861536
-0.1225997509833809,-0.2538219073356667
-0.44406069112385843,-0.06624350143987583
0.4626073491589336,-0.022968389139599327
-0.3712288186987718,0.4930434544339574
-0.559932208345198,-0.02228878790174057
-0.3833831662534937,-0.04500657541857651
0.4686494132067847,-0.19545281057514752
-0.059634680261256665,-0.4793167330498358
0.5393438348895573,0.3975633134937975
-0.050389582132808225,-0.18861300710908893
-0.4488762037718476,0.46042164378422284
-0.50555182027643,0.31108637482793494
-0.5499113551087413,0.40515143482699556
0.24768684936121751,-0.27455219019020866
0.5552378491714786,0.3997987064171728
-0.2951195108148096,-0.20052443400266537
-0.5528702610472696,0.0778605409837541
-0.5450635520954537,0.3853093302647761
0.5140386258407743,0.381788817672536
0.4980439271026985,0.1684067820204111
-0.5189524425346548,0.004096350592922048
0.39501009250039876,-0.34330159981722796
-0.4334981848957164,0.4077619481610055
-0.12513290237377267,0.4697381688528443
-0.1597581164816737,-0.46414785070325815
-0.20784538943969844,0.37187279443306775
-0.5340299569012119,0.048961547824101746
-0.2028857797011469,-0.2129546475979608
-0.4715820593739526,-0.10093928608815808
-0.026638743926252414,-0.23231168297240742
-0.4120416138304417,0.34450896659879576
0.5471819405828083,0.48424559462325245
-0.2477257602780973,-0.18904497424682032
-0.16326332269189092,0.517369134139579
-0.5236496663161011,0.00823183174834013
-0.3825928629741021,0.5176674137785521
-0.2818841828918789,-0.30036756572088474
-0.1681060354702773,-0.41443383755399044
-0.49726207576828424,0.30301462115898153
0.18117650635356075,-0.34648032973809645
-0.2926763554291567,0.5321586886306973
-0.34577208085769884,-0.34433547683039517
-0.03048670688393792,-0.34292886053192956
-0.5824592944303248,0.2260189380462548
-0.1433321121439353,0.49096695099949084
-0.05465901351967088,-0.13375001307164006
-0.22056153712786666,-0.31128242787866484
0.01806181469362342,-0.4790090976833579
-0.3004334932416488,0.5020004249529008
-0.35711171723532636,0.1850303716488382
-0.4840476222316526,0.07424648495657928
-0.48615465227117405,0.2909211171041689
0.3533586905524536,-0.30840977736165764
-0.15793119614123324,0.24234556758665085
-0.41804531016725643,0.4626668781776052
-0.25048988384018395,-0.35634689678514736
0.05120930329379151,0.04614586856165348
-0.5812809324876822,0.11867419903443702
-0.5572138077518041,0.0268544638518559
-0.4665893324071839,-0.20215307427522664
-0.3194671692370803,0.48829408792206386
-0.1848690045432455,-0.1902784601215918
-0.4802927944367521,0.4904347026327602
-0.5174899118173896,0.3388418132636129
-0.41774381795346516,-0.2400758234838055
-0.5365444850626027,0.160251173499785
0.08190233987842556,-0.46019393124711
-0.22939490855412262,0.12139949503709986
-0.18863261890979105,-0.31967916441729394
0.6898281405870706,0.03216175401762028
-0.4130809234894906,-0.25865609524743316
-0.5324805861525785,0.025367930350611443
-0.20043073705342115,0.24325393788926017
-0.19191048781006548,0.4277830846086692
-0.4127331543959061,0.3752376592720085
0.5650810946853067,-0.17432017167438438
-0.4513821804321815,-0.13439322069738024
-0.4800484301195848,-0.02430685767394358
-0.19498743905891036,-0.28810254098576893
0.6602932303948914,0.22902910544808794
-0.45007133639944064,-0.09659700453928935
0.29976471275924516,-0.08310266859110635
-0.0623674641401143,-0.14709706860029964
-0.19930490962204794,0.48588531118424766
0.3735173421899124,-0.1562468844353865
-0.5461760914051487,0.45224983463692175
-0.363890678158235,0.4008557575011101
-0.5213011613320457,0.3972054795262328
-0.3404351663484199,-0.31337508170390826
-0.5654353320190442,0.052272389260562456
-0.4247065693951701,-0.25148982423741284
0.07460392034332654,-0.4666369979897202
-0.5369232491418049,0.22475924328628732
0.36657261983300615,-0.04230265012703254
-0.11978312243780198,-0.3577732701357702
-0.38890194408849965,0.3359147195496229
0.39681581986046177,-0.3601437004549709
-0.35207680840504874,-0.07814218163963359
0.4115523324592981,-0.32903978307096376
0.14283651690142832,-0.2072320381536224
-0.5891799899091847,0.01939219845654122
-0.22441009979846852,-0.19115799688175275
-0.43086348302392424,-0.013026484773006412
-0.32498362088833954,0.5330735918026855
-0.5559096281998517,0.07304962435199464
-0.23157782707533223,0.3698682860330719
0.08385601577286786,-0.3895886669105919
-0.2704538850378881,-0.09865697078312
-0.35351330733336045,-0.20820498300466062
-0.3818509043296583,-0.2640626022712128
0.06494452882927385,-0.2314883576149558
0.06769203519131586,-0.14286540741265052
-0.5181910096559021,0.32346333945426387
-0.14880542959384094,-0.20767621443559828
0.5635753617201638,0.3822845751994362
-0.4218805063008468,-0.17553350792302275
-0.5366819276275073,0.1577389494567186
-0.48890488268645893,0.4207657549861626
0.6149928017626383,0.2804527893797838
0.03974159503355549,-0.29606001415365757
-0.08930738148662454,0.22364283496393197
-0.3095755341852006,-0.3242155215191157
-0.36960714112726034,0.3912562374591127
0.045749719741375254,-0.2708003285639908
-0.34667451971475255,-0.09052232341070951
0.06662829246202281,-0.41484065561742867
0.5590056196605158,0.051760484771648255
0.1023479605041299,-0.12535315737732003
0.18626781452296734,-0.31960003675268217
0.40087057219471894,-0.18992433864964595
0.1401023899535619,-0.18718547769746222
0.05235691687057044,-0.31477084111221454
0.5953208485822039,0.435354896754473
0.4175430590880859,0.3131033571065599
0.4179637139657376,0.420303619975841
0.38018653550542386,0.07154551268602952
-0.37959254726752556,-0.2288626026273047
-0.30701669708906737,-0.0274495852813333
-0.2583014197102762,-0.1753805685594687
0.05423921558114472,-0.15841844733487742
-0.1950644889905843,0.28427583931223865
0.48225801396642076,-0.33544866352295616
-0.44205879393834274,0.2625201466530982
-0.15583794368515147,-0.050951890436579925
-0.016451282132402573,0.13165771775942298
-0.07614347398170125,0.1094991333234013
-0.16739776654501604,0.5030413305249862
0.28707522512616446,-0.34750755265123767
0.40040432054532815,-0.36295776928656265
-0.28236518785799514,-0.020316799590947173
0.23647288901039892,-0.24352723965933393
-0.32543641969612697,-0.2289626571226321
0.24132916564512644,-0.24966954688430354
-0.12137313961328382,-0.17231697901227974
-0.4697569909123013,-0.05176580689817728
0.017754456397085887,-0.4746488057297679
0.07588279387230798,-0.48548002081012653
0.1977360906415319,-0.344437811655471
0.09229550300825112,0.23528853693236199
-0.4939729946509334,-0.07180155720796601
0.6443958129950296,0.032127664109472306
-0.2685693517616941,-0.036363744137937144
0.2946374247451431,-0.17538048252627086
0.5617301678627548,0.2945625193639535
-0.13885111364869548,-0.4279968757468662
-0.26044020847018146,-0.2848592779599425
-0.41121615655513893,-0.23981060138498428
0.4060448873503974,-0.23225295339176572
-0.367223485839186,-0.0011301897918042036
0.5746996119463396,-0.0939729881403644
-0.4923355214651796,0.3814531820944506
0.22709083158732868,-0.4077451115197167
-0.2938438641451448,-0.2975216550558801
0.08052029554271085,-0.4490966090382327
-0.2618080697988003,-0.2554653144859988
0.5353523189787284,0.05157938538237007
-0.5137225571977252,-0.08583829607468789
0.39409738942260497,0.37731884050631403
0.476018003534223,-0.13240536591423027
0.44100563543645066,-0.04093621638404866
0.6454096426538871,-0.01517910142446378
0.43186784512987014,0.02896151397461003
-0.2522762535053763,-0.28114353509004053
0.24018264195695171,-0.21924883968195163
0.44957752247013866,-0.1682279844780709
-0.057394053733552546,-0.33016000853568106
-0.3192299751307853,-0.20509566663627524
-0.13225625574234864,-0.4263079252515142
-0.32399853999621775,0.1582262621805176
0.6303491745500388,-0.018434532178299226
0.18688161981826992,-0.47308811589502253
0.09751927509830924,-0.4173139477705684
-0.20731616508116177,-0.4143590929272298
0.1250032185449963,0.11551415160678051
-0.134394663494143,-0.43762030196751034
0.2507513856813941,0.3210236833360425
-0.4721874917199324,-0.030410561918449364
0.4786275049203558,0.202881946337319
-0.16173154074846136,0.24789686821168735
-0.05666967166915415,-0.06724780592397943
0.09639540607589685,-0.2729355239702517
0.30426675734256525,-0.23612325539509565
-0.2875305594092354,-0.37526410610937
-0.2645013075494976,0.44492315821671763
-0.4190432434018056,-0.18400624769361718
-0.46191374336234436,0.2711639241729076
-0.09673444199920392,-0.3860981297330363
0.45387115133707734,-0.2545644022850912
0.4392876237592485,-0.27768912626751974
0.25789651303271743,0.06613378865671908
0.15927850210564445,-0.3263660738889764
-0.48248669378216424,-0.026693188387292628
0.060142695323422424,-0.3083202170988354
-0.034735056108017554,-0.34986722739870335
0.5944371090624474,0.04656847738388718
0.20741531744788522,0.24845283408437058
-0.5493894294632691,0.13961841688377397
0.29957796404224335,-0.2626766583216452
0.3524302289526979,-0.2014189447122731
-0.07410825109734119,-0.3309808361667604
0.10361855384683505,-0.3883221982919146
-0.485452489724563,0.16270483306348324
-0.20660205606068943,0.08138556596350972
-0.0253532404244637,-0.21551002758851262
-0.08046180326000049,-0.34309607763653305
-0.5135090906333077,0.32775128574095125
-0.47384598919513315,-0.04165422065561472
0.577453740845801,-0.15547463330203368
-0.19592821600008803,-0.3255082982981002
0.24709941520151735,-0.26854981020929836
-0.0029426688772670596,0.23940753275210433
-0.48960645472935854,0.16145732832811835
-0.3538593009264914,0.44965024232094913
0.5591226885616911,-0.08621916409620854
-0.5178765944524272,0.4017948357230635
0.1636326564254086,0.22176961809226395
-0.04275851529451754,-0.35492999558986765
-0.5589266386374591,-0.09780513887952612
-0.5827269258173183,0.18860060116234512
-0.14197283745242825,0.12756898493144966
0.40021406152299005,0.18837044130696157
0.0772875344586555,-0.4971052869010953
0.2756608718145305,-0.19887195498283605
0.42650935481995544,-0.2546749206879027
-0.17398399404824155,-0.4101619583458653
-0.19006452732857557,0.032228836301376795
-0.44119518555015086,-0.06653933509144239
0.24821834635712864,-0.430686863279144
-0.5481339349233177,-0.0633170325268225
0.2851768741991245,-0.39266445809699546
0.6540994506287184,0.06524910298320773
-0.26456518228988213,0.44094241233878806
-0.05375959118304361,-0.12077213408429822
0.267747901893198,-0.41123213422549665
0.11368503830412144,0.06552939516766673
-0.1683932053037002,-0.43192963848139115
0.26209545155459174,-0.37546568021719534
0.09527016180667838,-0.46479185191181116
0.6088127140918994,0.06940269274116982
-0.3899776296773387,0.4993652921441961
-0.4845327208767677,-0.1515280452773286
-0.4154174844135884,-0.19656380129592715
-0.39881426552525034,0.4387292542282163
-0.5288618508067696,0.024233691092625693
0.6732829296566704,0.11678221772413808
-0.10446936232643678,-0.27672057431478064
-0.3553706751068909,-0.2805927033501849
-0.22399092193544778,0.4384973848175744
0.5680440468638779,-0.04895586836624172
0.34115354264468317,-0.24568336020713588
-0.2782489757916921,0.12806755921066476
0.24638431414173334,-0.2779471212364669
-0.374252045701961,-0.011645812059614926
-0.2215319363297521,-0.3810061176262842
-0.3191895606246046,0.0297083404703098
0.6328207136467716,0.20960303390634238
-0.3389989987958182,-0.2920694593602321
0.25671159835702134,-0.30515638465051387
-0.2697017082592854,-0.2266838395064151
0.6255487380360807,0.38950207662116476
-0.35944913754116514,-0.28599429910037094
-0.18843174476499636,0.43154268709639154
-0.11899503295137641,-0.20529687681697495
0.4931137385733564,-0.15046997697067885
-0.33980557968318614,-0.33324291672737333
0.5214459034536153,0.3850158948672869
-0.43962457960530266,0.3665438869102832
0.053549521662476667,-0.4343926346061324
-0.14278173711475842,-0.40844342010826834
-0.3642792689485991,-0.31810018454014594
0.10615154485854551,-0.44974374625231445
0.39087396450775125,-0.14735979292868837
-0.02472913318156141,-0.4067108188037075
0.24971523197832482,-0.4027476087791949
-0.3757515119889261,-0.02725047387565122
-0.01510445555873657,-0.0851746561930452
-0.34447430131321827,-0.18487920305146804
-0.23988486022939154,-0.09902333641823091
0.5642126265988605,0.0540434843666273
0.43700031865513533,-0.23956576760889442
-0.43375766801577537,-0.09481383935109779
0.5193953965319169,0.3105902428102244
0.5371063217190135,0.18206752076380953
-0.32468849398286576,-0.14828050385784708
0.5204845281977014,-0.1693116507974845
0.19986859133485807,-0.2785791109689491
0.2174487614282247,-0.3940128567362819
-0.20815987469981537,-0.3983364462685958
-0.09523025173055022,-0.05353298274711634
0.1757278584667347,-0.43906390464163314
0.1779952790318921,0.45014521077746816
0.14198512654810982,-0.3952425295465707
-0.14545004508811532,-0.38989956493580236
0.5887620945529513,0.3768374473268078
-0.11287223913282478,-0.4096293584616399
-0.48985729363394015,-0.10214172370123409
0.054182773545461894,-0.27758758462705063
-0.3402524091378901,-0.2573886178463099
0.22389889011698663,0.42603021060446195
0.28815590232394406,-0.38867079800021104
-0.5542436247205286,0.028041449972022
0.5081438741528241,-0.1727604257688052
0.5413219979860902,-0.22463740550483008
0.3673235753419173,-0.2549757486270896
0.6460774265315274,0.17014230313391832
0.33533103739869313,-0.06878334764928083
-0.12290884526794289,-0.14339530526507782
0.3725095500276393,0.527079223893608
0.6391004355208227,0.27721835743362805
-0.16982586988542422,-0.40581950828149704
-0.5471092737514999,-0.077831787775921
0.5446861116727589,0.35380001037699055
0.36297007124483227,-0.42220131471894534
0.37238900115796014,-0.2881851747433243
0.09400356005256143,-0.3827249727066367
-0.33796339581082513,-0.025404424671805398
-0.3481397741797986,-0.018306319203291888
-0.508972386371314,0.39998105783189697
0.06409008284300517,0.26482345517860034
-0.4070338865250917,0.17558636578708092
0.20145662577676404,-0.08102275873302581
0.6421453018144455,0.4001755121321242
0.518589778581951,-0.11252524921280788
0.5126992281656505,-0.25911577811738645
0.32510183659753283,-0.4407062141540389
-0.4115376553700756,-0.27676278604292764
-0.5463628971818442,-0.06119847792774284
0.17585011337244436,-0.3638063043038026
-0.3755963598768309,-0.10289433209500252
-0.45512557942033616,-0.17503588260934252
-0.183568297702037,0.40805945742166133
0.3788882034954984,-0.3091572477160286
0.0634841284527099,-0.04013816386418264
0.09260640298998085,-0.3100872772867601
-0.1844246561037723,-0.4066814856252891
0.5057140396867595,-0.28911642470617677
-0.4770180206990615,-0.0693768569938538
-0.4185289214654724,-0.11420502956636855
0.6381892263087039,0.2913027856441414
-0.0330681303538973,-0.21276065732274596
0.35612830824128056,-0.3226613228986278
0.27818032892745603,-0.2521646616133366
0.18127583794861438,-0.3050539228611961
0.13175019375765243,-0.4981212283276494
0.031084500631396245,-0.018769886026881157
-0.5647600127081427,0.2104239843023008
-0.07519131726867274,0.050096646459441375
0.06479121493118885,-0.3840692974605482
0.11114055013166253,0.011302075074104233
-0.5817729425168625,0.24555668695394708
0.17555056872416092,-0.5090651324194925
0.6719928116944195,0.07882605030496666
-0.116318482307138,-0.188586093550144
0.6452463307127847,0.2563302171227524
0.10940231956553773,-0.4881382433342152
-0.09771281865908334,0.06573836676281122
-0.3620162531074074,-0.07807031273100068
0.6272097988016766,-0.11708459387751557
-0.14637852057841355,-0.008078189573442515
-0.11966353509050755,-0.3698694191082854
0.2558340684216172,0.20660001089035493
-0.2742007925013568,-0.35016050636860396
-0.5338363409320492,0.19466579317276386
0.45651474071740716,-0.23692714914194632
0.35155579163884176,-0.14221255111250594
0.6207445021586668,0.07536740291732025
0.1391487716915996,-0.5124822217077664
0.44867570062810597,0.12714255863962232
0.5200194885671735,0.13868265337738053
0.006412942557888563,-0.4576626106733692
0.60687980652409,0.15889913943585846
0.31789469162164596,-0.3516797399094191
-0.42711393535767883,-0.1652557846094404
-0.5071185296600124,0.3397383685424577
0.02427464414780442,-0.4135683847720678
0.5722230327173579,-0.19428735270310699
0.5209148476964454,-0.20602998261473648
-0.15214300715317003,-0.35697413947774304
-0.16678992375190504,-0.015906615899987216
0.5017927450160424,0.33796550152902144
0.15001620037032468,-0.45484978254400216
-0.24785308425880173,-0.21827724455778674
-0.250737088032325,-0.4287028766385859
-0.21074005532082718,-0.31339772134767985
-0.07288864821002147,-0.43900022566333957
0.14597000195769427,-0.34396579363332297
-0.12641489936637432,-0.38807402405743985
0.23319630797420504,-0.4617756593127621
0.18356349632116364,0.028563637851529912
0.592550379185623,-0.024749919121500312
0.6524106208481186,0.1062325272328803
-0.40562222889322386,0.22905008194515922
0.16178837352725914,-0.43204016148346813
0.6274592613928396,0.21748021542991472
0.46378887470414243,-0.26725974724779783
0.25676763770695565,0.04349107495376714
0.4739440576605334,-0.15871523030553558
0.1746046341240181,-0.30296982066244377
0.5906151073531082,0.08339178130936546
-0.25817848603976756,0.5643283780211111
0.48584497951570693,0.1003827965008807
0.26856634114716676,-0.29860354919373944
-0.17178805409912817,0.15619067183507032
0.5503663298797193,0.3378864124390667
-0.5239094155454297,-0.06163787241230786
-0.2713628540647501,-0.37767455516577725
0.3639624504918999,-0.33508617473298546
-0.3932372359080785,0.04763418861572391
0.20090351967865722,-0.4747671256213563
0.22061625678725852,-0.1535119412006651
-0.4965764009007403,0.17946499851685718
0.4423616743704331,-0.09573640340182447
0.6167703054569061,-0.0025021831820022317
-0.2564408486644963,-0.29716311742806284
-0.3180661034820408,-0.2698562580138053
0.5312628381498845,-0.22884522239150815
0.22818512673169977,-0.3520963793292581
-0.5518099750877363,0.38309571480283977
0.11895526503786001,-0.011209045266129765
0.04116370620266023,-0.1609333061246032
0.6241131623838457,0.1104715291585283
-0.03448932319002462,-0.4386064546766957
0.03370348966599277,-0.49171530283242626
-0.24384792087561324,-0.22626686886686145
0.5454727775324822,0.01541807397704235
0.1306434890937394,-0.008767758546325579
0.023554197512716066,-0.08347731129667724
0.4530172521861005,-0.33844728128441676
0.5964014165142802,0.1956078850780135
-0.4753081157513757,-0.011391826221117875
-0.3854714244028178,-0.252404194329866
0.31921365399514595,-0.38343061914913185
0.29884729503365415,-0.40178529342386154
0.4497691897378621,-0.37818928245982214
-0.1955187344054229,-0.4436777373512537
0.08151867041319087,-0.30941305000755265
-0.262181914125305,-0.2838880713701462
0.0395772567291237,-0.051608913668483206
0.10000191663665313,-0.30133804774196066
0.20956311581920298,-0.2597665083543509
0.5603483062320367,0.12218600825232327
0.38441268734142625,-0.3155360071680411
0.23310439340631645,-0.474634469936096
-0.03450968144037844,-0.43706901234275053
-0.061079438293867,-0.3606714681829567
-0.13192275497037628,-0.389774291154475
0.04279237110342896,0.3821516069795769
-0.11595410861250645,-0.46549888971870235
0.2023050751259566,-0.213225183479329
0.5600057997815513,0.2266118088042439
0.16151767752205803,-0.5195361405014545
-0.21260795648342665,-0.36813894837468614
0.6039476219224698,0.18415022754459634
-0.33896053228382095,-0.29294740497277605
0.39891037729013995,-0.3169404706716176
0.26193989916118565,-0.380180677817977
0.16094137140398596,-0.01557012258061269
-0.5060491544762982,-0.12019770747269823
0.5361818200682436,0.1665659755716142
-0.05922564965972458,0.4099757139883748
-0.023625451507293924,-0.0800238178002424
-0.2645343604402561,-0.1738032916403637
-0.5415073143288904,0.19719665232148909
-0.3223959123974888,0.4357235786555656
0.4659832734554832,-0.1603274636096053
0.3975774712762775,-0.34253863013762625
-0.21171249900171482,-0.23884481063875873
-0.48643876597093116,-0.18835893140989393
0.022695403032575293,-0.43359101776672476
-0.4586084038661568,0.48576612721471074
0.5003116108499699,-0.30022104306024894
0.4855483891975425,-0.1219374014520053
0.4684043296413694,0.2859671874537163
0.4020132324783976,0.4828626152445038
0.4412861332946747,0.06129649134262186
0.17883797789299666,-0.46033440779425805
0.2352754425208647,-0.25493242108274483
0.45354298757851075,-0.2261185456717848
0.05277741170540456,-0.4018905348759316
0.2518754854000602,-0.39889860888849493
-0.15884479915691666,-0.3449081467338577
0.6128175234454651,0.39862849545813506
-0.5374215298121393,0.2357604574805068
-0.09828744779005633,0.07626244673285837
-0.4459947846513868,-0.19079911207959466
0.5428640494219884,0.1271030157655848
-0.10670663640713371,-0.11703799456520197
0.6239447130489931,0.40280178929599164
-0.37707796270957394,-0.17535675590912303
0.21713108094895364,-0.15539467878940766
-0.48128032235157925,0.11964165747229687
0.5332348714091053,0.25257988633868106
0.5688911480355325,-0.16130377896687687
-0.2947262499364097,-0.3815636821299411
0.49273580940593975,0.4837991464130955
-0.5054240339070745,0.4094892658589879
0.48322123186036514,-0.26684904162364204
0.4998438191204761,0.051986390887987635
-0.23235235557490544,-0.39445234852689265
0.07448513335477851,0.19576324189670283
-0.46034552545257873,-0.11662565550730516
-0.411765704262908,-0.12337165061222094
-0.4138155844061296,-0.25619502006770695
0.538594251931954,-0.2724239502323268
0.45730090779001126,0.5321589850840159
0.5261966682278049,0.2165825968462557
-0.4420776389826483,-0.1316974823642016
0.6762725408515022,-0.010918902874615229
-0.45608886324589626,-0.1427532318895025
-0.2296077616392316,0.2587241954348557
0.5324905939159674,0.03769763771738461
0.13466482326682463,-0.4580084256701139
0.40943486986367017,0.030503294486860368
-0.1479972992374725,-0.38989536296712357
0.5427003571376928,0.43849615139772585
-0.285828414406889,-0.1287993089977499
-0.4348069402286871,0.4096498900720802
-0.142944276176808,-0.3048511735775221
-0.5720700072168875,0.37820643322266984
-0.15752080233932308,-0.39295437657618054
-0.0033647483054275546,-0.4958331436526941
0.3528143560383071,-0.24633690355497306
0.3751245446561186,-0.17495236426509012
0.0125230574250218,0.18891209785279464
0.48076511436794606,-0.15602635101394632
0.03779390627441895,0.08137678324062311
0.4215060643619403,0.39655453220274584
0.6245501823548949,0.0802678333695826
0.5512442147385762,0.3441807234972469
-0.371883524194641,-0.18400995371415488
0.2724274970528864,0.3391657705109989
0.3597703085351577,-0.2484721497611737
0.5711312644757285,0.5167284058686001
-0.5270467073402554,0.014988000306727645
0.4652921899078453,-0.06642593108741215
0.027902130564388027,-0.3084665892095826
-0.2432894813063452,-0.4013482760567678
0.4237871808338655,-0.20982061354367265
-0.5511402945336314,0.020377807307798035
-0.39010207567021377,-0.026142362081107255
-0.43517514076676467,-0.16582730813677496
-0.13526760233465948,-0.28001938119092645
-0.027014236808082695,-0.40866208215530503
0.04866621107366122,0.34015792670300754
0.23247135780744396,-0.04420198781468573
0.5414145540656065,0.2835766730318369
0.30063488570696034,0.10979953809250838
0.5231366311413025,-0.2575166352550781
0.10331215473915484,-0.1258647618613596
-0.05077509628448611,0.4782744587484871
-0.09396098910311772,0.4858396852615902
-0.06568813591163813,0.4857092633708864
-0.4425179942763604,0.2780958297109985
-0.4387250271404548,0.44353952051757856
-0.5298863297230413,0.22556231221255119
-0.48636386598739206,0.20088046606863133
-0.4101900432292523,0.32484745699125295
-0.44131427956584274,0.4714838234390533
-0.5685117168930679,0.26381220269221517
-0.52452311414284,0.3396189583802203
-0.12193113169568412,0.5134943213773524
-0.36317589137703254,0.48663553910381996
-0.34849473897926386,-0.17691840392456368
-0.4805182157137699,0.05644924799282829
-0.5877860462005536,0.3627721202821364
-0.4553454582644924,0.25359667544765835
-0.6147013412970584,0.1500548427558534
-0.5319251075629073,0.40672686515386147
-0.11249323370914639,-0.26146635078710523
-0.4683491617909051,-0.004482293113999281
-0.5451470498947891,0.3144049185832013
-0.5093353298018447,0.11207059216994184
-0.30972492410367936,-0.19161700144330876
0.28019209820238644,-0.3258161709725654
-0.37628630975781047,-0.29792814374481164
-0.3142719929845675,0.07234685345164026
-0.44150726446027777,-0.08868670348135123
-0.13737369154065476,-0.0723792169442776
0.23507742626885308,-0.09222618626028777
0.16013322492065288,-0.4061442321670523
-0.4562519677942437,-0.10374041892652767
-0.476077389670165,-0.08858561963913827
-0.10354955180989847,0.11357596760183951
-0.35231080262718717,-0.1794477050624656
-0.27056821693630745,-0.3546986624505574
-0.16434113110869578,-0.12578242799933387
0.544730237722877,-0.20865275951508214
-0.36320061060337605,0.22848846317149907
-0.16834525809312068,-0.08614331067886523
-0.4458262273089624,0.3488535787260385
0.557724876534996,-0.13481913601085346
0.37447023866224594,0.34189953158944575
0.3949270103534565,-0.1623857842629385
0.42302614745678596,-0.2748884869571373
0.6715389451063729,0.2353841703261209
0.4318691728526605,-0.24138025322033038
0.4029167297317079,-0.1362238385779009
-0.21209190101786699,-0.17648998189295173
-0.6000867022164479,0.1259396711580284
0.5793756671708973,-0.05563504922739032
0.44720153826788595,0.2800117805282122
-0.19569454459438274,0.3442023321006472
0.4202980440632113,0.33543509112310393
0.21260834599694053,-0.30575954842275554
0.4162842454734813,0.5039327353884502
0.16456977095955017,-0.424920900275972
0.6110709497605216,0.3579711202275709
0.47305273000592807,0.4708811661873634
-0.42066426549753744,0.3842346348400748
0.29812729782825065,-0.21756757535540466
0.26629861676546707,0.04539239054871297
0.5113188035185676,-0.12538989821307703
-0.07515210245417006,-0.17780945508692883
-0.45342925165003595,-0.09431692402851555
-0.506155191818237,0.23537002734915363
0.5684511063908853,0.16825821029273866
0.14483536544225006,0.19232025419052867
0.5424871973017658,0.09414539836480786
0.4881521595382809,0.2584845496567179
0.23649219297473356,0.48259286539726337
0.592382290234436,0.27877368216035386
-0.1713388966348781,0.4614885961021816
0.5397726084300604,0.1990002875643251
0.6127233110568345,0.30872269331447877
0.012819097469904107,0.035435278604591565
-0.4871630984113562,0.1402178538102194
-0.3978359692293764,-0.08101263084585403
0.5428755853735819,0.3642721722933749
0.1760806958214002,0.4386620687371935
0.6476032283532321,0.004042331669438635
0.015269928949181694,0.1563964939927657
0.5594885663033162,-0.06587030474523088
-0.3681939151588373,-0.07267616977510176
0.49996016969678264,-0.21095569803370506
0.3612346873660391,0.37017286479182493
0.6498015863128609,-0.014308311257525835
-0.26406823943722596,0.014875570473993979
-0.4657815762050482,0.4501024263829364
0.5042865284028122,0.44689582212116413
0.3323194025314792,-0.27923359615176374
0.5966328359732329,-0.15889312399817068
0.2943325797829405,-0.014849772758045736
-0.02645761175811821,0.009797572094179516
0.33907652235521746,-0.2916801467964091
0.20995578858460312,-0.36782923720151334
-0.0096108471194359,0.15956914656890303
0.36473556021636233,-0.23933871520692235
0.06905056422320104,-0.2057711578393836
0.46853843543229967,0.5427246490199961
-0.33899646798384653,-0.31450218713386835
0.6532349879432333,0.25760593757333866
0.06185688228235314,-0.2641596431710795
0.6380954686955549,0.23655789015337605
-0.39576441307739707,0.33526241088074166
-0.3706751101184383,0.18377822375200265
-0.4081469328685626,-0.055798736686262916
0.004075748666912195,0.20326134365059267
0.35044452146944205,-0.2472253336908276
0.404431384637816,-0.234003441531689
-0.25860515904911857,-0.38653520638761335
-0.2080867237752303,-0.2529324412915524
-0.4780695913725136,-0.12479086640664803
-0.06950287955967549,-0.17679057863304556
0.40500017616285666,0.4077043646036657
0.3264904453419997,0.42932853146415106
-0.5873210962795188,0.13133222891083704
-0.04320719731104543,-0.25122817446796036
0.6333655949791722,0.285642324873879
-0.011644945722249863,-0.4934123322812234
0.4608015559022668,-0.3445977494802606
0.6878195758248123,0.2551999987203068
0.1808024609615143,-0.43316405643016304
0.5905558897120793,0.03869851629373255
0.5261300221602129,0.020615124941909535
0.5122039290748962,-0.09889802507200063
0.6718325168310331,0.09639648616444066
0.07437762636172963,-0.28238928279345726
0.5405534357256279,0.27032146062769935
-0.06682634091442259,-0.004033094805704086
0.5717701380364262,0.37885230455368035
0.27155366203379655,0.19642699798890165
0.47007247641768185,-0.1317986272101767
0.3596307901049214,-0.251537893540866
-0.47701726023546664,0.00989784747723484
0.5760694871300546,0.31553731881677133
0.320345629790272,-0.009579991016769
0.15097450231490583,0.21765604464822205
0.49940415997574333,0.08961320364566785
0.12488995936317578,-0.3147372521692044
0.4300107097735861,-0.25435161974853865
-0.05152952852158099,-0.3594468223790746
0.5742198571041919,0.4425674944904619
-0.05452051353910602,0.02155055088143911
0.14289051173508424,-0.41933485603429593
-0.0679026647334025,-0.3877816701441212
0.4431299108287291,-0.2384459934536254
0.480328443030234,-0.25147805548530017
0.4037798053332431,-0.3620820414168414
0.5378388159822365,-0.05145448545991504
0.3718555539225808,-0.2683085813208644
0.02069428054719836,-0.1482266750951917
0.3683830346645279,-0.41652883525499085
-0.05898654899195865,0.01534970853598485
0.26255756894509735,-0.055308158805738146
0.5205175860042172,-0.1689065853549467
-0.5423875337881474,0.2790945032964514
0.575117304676467,-0.06750878243158384
0.4843617583603247,-0.213507653131839
0.1449330671956713,-0.1704116901818214
0.35859521647490344,0.41191830828561915
0.5168661326984552,0.37892365285757296
-0.15574784906748962,-0.07839023833757672
-0.16057686760559908,0.16065866833728967
0.39199576179511575,0.4898643802814788
0.6327768410531852,-0.08639754212976554
0.42332235276324,-0.034115195469143815
0.4069381878115067,0.47792522028753714
0.5081482414342345,-0.1415955207535399
-0.013307802463830202,0.05149627707767026
0.06157383099134343,-0.4404184429360013
-0.050870512160879365,-0.3212684681799112
0.6182852475683791,0.13604885975210312
-0.49735483347382164,0.11483313043982947
0.4309965427778166,0.42500046904491273
0.34902906190606875,-0.019802780791546817
0.3627943395497319,-0.304315233660449
-0.11731077131682761,-0.08819377063773629
0.4855939987337262,0.10963599934664411
-0.18040467839816768,-0.32336081108381304
0.4656523923712506,0.4793499706680431
0.6055490179674535,-0.13144601438790465
0.671216612524988,0.3804256588734557
0.6333819890700934,0.3718974170390985
0.4740513481738884,-0.2133907238107397
0.09201450833831193,0.20417450464595943
0.25460780989069,-0.09437458341795844
0.3104190359267168,-0.10297213295525183
-0.27126881220698146,-0.30220919783017064
0.008505523786165337,-0.3928609320922759
0.6429565245300073,0.31617225979793945
0.5243917477104743,-0.08998911457104974
0.43669698198083123,0.4917388947122312
0.5087921426980921,0.3292585845603654
0.4910023467615201,0.16946120122689706
0.3584429874286129,-0.11207137922208299
0.5221550432651678,0.0167159974903507
0.6919276568869991,0.13254774257237323
0.553802201553033,0.37899581308901586
0.020442566790820023,-0.24917491005146683
-0.1349604908636585,-0.4282805775076991
0.32122572827608736,-0.38879176658161824
0.16898013066414003,-0.22882601361872307
-0.04734810780299855,-0.41161973147190006
0.614472182218171,0.36308728323157097
0.6187953671592523,0.242109839841419
0.2215341067875707,-0.2407631026336192
-0.36777066726338126,-0.15041307965618292
0.4414944126657577,0.333839581098216
0.038846541442010336,0.009360722143657744
0.10310346882562875,-0.20709966016786457
-0.2523782640586738,-0.03572153979754139
0.11905955822416157,-0.3903616976737974
0.3347133589737661,-0.25316731662537056
0.25500546371799576,-0.3643999894322489
-0.32778840538931875,-0.2533108983526482
0.08110290810662595,0.06536927568330264
0.44073637188769565,-0.24555779829613145
0.5408477758701163,0.31995630576082296
0.6308231456404809,0.002621463661481317
-0.01585593880101535,-0.3856850837082106
0.59657620212837,-0.06098734594284601
-0.49802626909563297,0.04206211584509659
0.21486365093786997,-0.35218085607540395
-0.10964740764457646,-0.2184004872244006
0.5559494444367076,0.24312637949867352
0.5146278839850343,0.050637007722552856
0.2462969157622571,-0.3949884930584928
-0.5219419285658967,0.2263907252833703
0.06377521711524181,-0.4173138113790043
-0.3568491047469681,-0.22620648048599148
-0.5373300408544115,0.4521732219606348
-0.034995244895166124,-0.4401805241104868
0.6396839147823982,0.11980604887838299
-0.5499275295967035,0.08494933345551912
0.44320791792569353,0.5571277981084539
0.4194174946135406,0.4670175503864025
-0.4035621356247873,0.21929829044488763
0.2794521601838887,-0.4235028582494917
-0.046997048495434936,0.01335655218997562
-0.31210222369054613,0.484368163493098
0.46684206758158087,0.1997711703263625
-0.19343525351100646,0.5353830137083107
0.2695515844251436,-0.45668124144372246
-0.4043421374020306,-0.18822772908531682
-0.4929118353914039,-0.10660868078428386
0.695045345606492,0.11249090941899417
0.09609573724037357,-0.2314126251936562
0.6020203701965873,0.3047867296093693
0.28675907933315825,0.45219113839147423
0.639455603596015,0.09213728745611081
-0.27360726778695243,-0.2507274265028512
-0.08988309043760077,0.399687277926937
0.06086430375281933,0.13662889581074542
0.4487623934056759,0.05009200654380696
0.6536314303434502,0.15436349976807837
-0.3696836664613526,0.32801481766512197
0.6808642156797817,0.09142892193052359
0.6234518569517004,0.4284583585900445
0.04320461233996331,-0.021680643794128575
-0.5857601806736447,0.31595327853888333
-4.537652936311301e-05,0.07228433136614501
0.6284009941065207,0.022507255333209294
0.5980562884717062,0.027680607917284772
0.6075167221097665,0.1694729045896041
0.3105341587386308,0.20640148292808055
0.4706452657279744,-0.17124586465197966
0.6624857502197987,0.10777429472249334
0.420601348082834,0.04839541277935418
0.25082552467247393,0.4938867836749236
-0.46294672213834587,0.4364521176710228
-0.43392990877979587,0.09051208687746988
-0.5560897998612582,0.3541554963453862
0.049508105129357445,-0.006754277539361842
-0.5983420131221423,0.3491547677339035
-0.4781168223552381,0.2894568377736153
-0.01579442246308685,0.27359743603702963
0.5625391822612782,0.05499719012271242
0.6805464524518924,0.23690401300726094
-0.378801780134645,0.4872462800254112
-0.31607650308146706,0.4035847705678648
0.5910829398202339,0.37507673690560334
0.6374355796083175,0.15378353941859024
0.49293061540214733,0.277276222319432
0.13271803659936462,-0.09721043293605251
0.6608956941322107,0.21445560948383427
0.6672559685181583,0.044847447472297436
-0.4815794024071044,0.02625182909839196
-0.09518441887923842,0.5035394327250314
0.6472209519168389,-0.045407817777474935
0.4889184618446514,0.5651637953210817
0.1807059941282362,0.13662523475532767
0.37924422349847214,0.5156415524248056
-0.07538609083398623,-0.36529942065402143
-0.5655965327560143,0.37525765899606234
0.5541272026003676,0.05862775622329494
-0.0795050754998091,-0.4108870042429327
0.565985355358332,-0.16122307002680653
-0.535223639964834,-0.009153036967814592
0.3000249790752148,-0.4000130924931973
-0.3479375135740004,-0.19122849176582246
0.01422139838280395,0.17714333172732155
0.48952614074626044,-0.24593306983548394
0.5569888934697923,0.2594419742278863
0.6390921297314239,0.008857726964988212
0.4052938315920439,-0.029598952891974548
0.46735222257453185,0.5319473861697673
0.6635597455329435,0.15605097875787488
0.4748366800003407,0.5127265192119622
0.4105982281042538,-0.277273727798712
-0.5046281327411389,0.039514992258222845
0.0019672321700679473,-0.4648750209540418
-0.31458028874794824,0.23083668866525525
0.2234827589602771,0.13514588552015888
-0.5658037486420873,0.16703998176826376
0.4332825102452328,0.43047342699827684
-0.4970422951389662,-0.11752289623533772
0.571790689352995,-0.06648680986907896
0.42978558040011805,0.04418507429829947
0.5964663622921851,-0.05095964197933838
0.14285667907198565,0.1636036846044906
0.6561656194849232,0.25294878012143696
-0.2920021986455871,0.5000566564655624
0.5865724456375925,0.08750298233251651
-0.4261915242103765,0.45866946948481757
0.4368232944206653,-0.34699276160301645
-0.16003436026646786,-0.19793818911761324
0.4277013574914818,-0.2880828980776995
0.3393780167525712,-0.09133007040875102
0.10589870408261748,-0.35964669224386797
0.2564562357187362,-0.31788771991735065
0.42135824104950115,-0.24408675480995293
0.6333375343770606,0.10452990924929273
0.3921633199124384,0.576251581385456
0.6011034318351383,0.2978639219900458
-0.24882123391362593,0.35612240741725465
0.6878447793605826,0.2990024575751863
-0.36590164174884626,-0.17472955954621275
0.4701318842982472,-0.09151071661645493
-0.5685876195967396,0.35133304966470774
0.26845420256754304,-0.3856881753177174
-0.028162325691777745,0.2897976688467629
0.5395948114688334,0.5104472405526738
0.13234047771794505,-0.15450733174834264
0.6256802755592042,0.2720926198874355
0.6476843750707834,0.2421461297096301
0.5771682473094101,0.04550949511041015
-0.23308354226106973,-0.3561580495001852
-0.15929653119212198,0.4782236858459303
-0.3557042338160153,0.5492125207908672
-0.27844272622600663,-0.12722589036131232
0.10798227071664632,0.3185830528896177
-0.4459465953870091,-0.07923828478080482
0.07594582417705592,-0.17289770844587166
-0.41527114810546906,0.1295841001814538
0.564637991346332,-0.14905554271497004
0.42813517070318075,0.1220868974094709
0.4925719575738184,-0.1726510066281498
0.21073428545684447,0.4953801520255036
0.6418102135463654,0.26457896237867456
0.02460198600604069,-0.10882417221838908
-0.016194268947413697,-0.06255651665404799
0.49203687400245877,0.42358079873526433
0.5218172946714971,-0.14521216217696487
0.18001357630349069,0.3179279447350737
0.2450358663589699,0.08828254428961023
0.05994078511348563,-0.17564500658336965
-0.08092269770549061,0.02149540930108678
0.5983086162014034,0.4547070658958987
-0.5203406460588347,-0.0268828658725164
0.36102156368382177,-0.10700787526610106
0.6598945144716692,0.3755539163620708
0.4742160411660969,0.4481250949761333
0.49314515418891364,-0.10017505597579673
0.5253193732647289,0.18513815941253484
0.6150752278409475,0.12990705591524826
0.6359630290747943,-0.09592485040409929
0.005595990033514217,0.16280991509641413
0.6002410794250304,0.20724242462275855
0.3894614814740948,0.4345875708631339
0.25536336164842627,-0.34474746172017984
-0.07059094692151455,0.43196037302989926
0.32237428648556776,0.4880480886518019
0.1240566096492439,0.10267455522318417
-0.3855831637403407,-0.01068998902198582
0.5942399280484517,0.07928309343107061
-0.3181533098611229,-0.3438679381169584
0.4366089304802528,0.5609663762404388
-0.5277792176843801,-0.10113591582765177
-0.2559872016809707,0.03671767147215211
0.25032163307705985,0.5218920685972627
-0.41243632595322904,0.3950602368552722
0.622007676734844,0.3541975410578092
0.4950446793244463,-0.2082725295310997
0.49396782888895635,-0.2719343268585088
0.1406746302083167,-0.22406108571884215
0.6203951123983581,0.29142560835331033
0.5765880387517041,0.3910917478656198
0.4466048633185296,-0.2715299756672479
0.2702571982832971,0.5306185281117258
0.518219260855911,0.11642668221593545
0.4540465997761881,-0.21366346873064268
-0.13126535388722782,-0.28893975301994024
-0.36001578719344435,0.04678288135671835
0.31171909505943535,-0.38691560790733937
-0.3194889712676073,-0.258189925929719
-0.47339517208059484,0.3758550250465881
0.4710629815747625,-0.04996363641547077
0.30185114006540975,-0.12201321450298191
0.5325903135874781,0.28653888046184295
-0.03712503028423472,-0.38407884756526545
0.2728578855746988,-0.3955711573110017
-0.004905608118959163,0.28366496469316466
-0.4563634542761484,0.4467057265395264
-0.2822629192848579,-0.22666495690282584
0.2809903339056526,-0.3558147416306159
0.30264664336843033,0.1548122808928784
0.3852292927439504,-0.41375291661273406
0.419302800225743,0.5342546899737558
-0.32732097495679685,-0.05774299274994641
-0.12636939615569542,-0.34510369211914876
-0.017577374265625636,0.22674489986333238
0.2235211120314505,-0.2816728709847779
-0.21967669825001795,-0.11934024604362654
0.3731137707055007,-0.06373723430569657
0.09374783088660275,-0.3590164325764055
0.45478895530176744,0.5009013168015576
-0.33769484029949026,-0.35960604421841663
0.5458673189474378,0.36437251455912373
0.11860865694708775,-0.13358220948695
0.40098324857350043,0.5365045897586264
0.26822481898674966,0.5401562249862019
0.5166594983615254,0.0426664052933629
0.5618206346696286,0.05395295721747502
0.5163355187755426,-0.04299141978712472
0.3223613136092053,0.25623451602479597
0.5176041769983836,0.3576557427987688
0.4989514965634457,-0.30234320036832024
0.08253545016548801,0.027684317317214956
0.46883560377702505,-0.1900468209716542
0.03842214377694648,-0.4544151209994408
0.3989931673366465,0.5733694187817404
-0.3160893100163506,0.5060866767765262
0.2058321817459163,0.28356538116669744
0.3380974374793531,0.45150019086395426
0.23620490950776477,0.5059574999389176
-0.2350058429032747,0.5550416274157132
0.5848786927153977,0.0010435845978746185
0.4227204793663717,0.09617775987932453
0.5134322514995353,0.48867039250437133
-0.3885315083924784,0.012509120944583535
0.43381648236182324,0.4843426171990002
0.4661070656881468,-0.03656465711266236
0.44233899795346904,0.5986498059112518
0.3115029278196321,0.5402369370744335
-0.2685728346754643,-0.21857057936925292
0.11569576915574152,0.35071978994682085
0.3222806835617196,0.5287964727655522
0.31033535614826285,0.4306173076691546
-0.23981298045587413,-0.1536954470436487
0.4297875205579874,0.4717064916787776
-0.5042732344137066,-0.12798395126120235
0.2755463812828738,-0.14842505227758912
0.4756441157625101,0.5703041987089467
0.11801704531605306,-0.07142079319364594
0.3975662138617524,0.5760706599016531
0.013964075614685328,-0.19835043440341055
0.22113711288353516,-0.2651596902317181
0.6310902092618468,0.3446568621453104
0.5616470036926838,0.1315452115185482
0.4462447772094323,0.2103199465083887
0.43323415249005304,0.5099432267662939
0.46407375898014147,0.057136287359624914
0.10664711365372517,0.2561757062395567
0.11678045226874635,0.3500697938156325
-0.2556795649193773,-0.27474970616920597
0.21273133086026697,-0.4618548051030434
0.30615731142262076,0.3712373093378706
0.19941389828275025,-0.32617044161006536
0.5964068481255692,0.12314083443405545
0.6482363802069522,0.3641398572782124
0.6553468098970634,0.13092237438308488
0.3071229808709116,0.5370446783153462
-0.5178738031551037,0.24769556865507794
0.3146292554832741,0.04739712412489543
0.4034716269202326,0.06883175266377754
-0.2881819581051992,-0.21602091841464824
0.400957816239134,0.10116936029798035
0.4464062363890106,0.4980536055314293
0.3414014652403846,-0.2259713562648752
0.557340541806644,0.018648709026576272
0.42627639258119177,0.37663805930474464
0.028953256607874785,-0.00408676818844168
0.6358394000367411,0.3806688828073663
0.23817802392181517,0.45532138417283224
0.43876511471909685,0.3104046267651001
0.012307259959652882,-0.37784994109849773
0.6120339930563861,0.37151940241195314
0.3026566829939482,0.5473634046047929
0.19630214109531935,0.08941819642526173
0.4563867939981585,0.5482150759636145
0.4218908625157713,0.19333242435265124
0.40361621321723395,0.5776270324033003
0.4216815080616258,0.4815720862721693
0.26465029259713924,0.5005041829027412
0.5216009260751078,-0.14909665014279375
0.42522232258591763,0.06764745023284535
0.1412226362683364,-0.027929834906611134
0.6145465162860683,0.40476954294657574
0.1159223041002878,0.3132131516537757
0.12586812145922652,0.3273184407253324
0.5075235941567171,0.47405378634156875
0.32790207457249,0.1663053706596504
0.3299521040390391,0.4547165021124401
0.6142955239772727,0.11944453757580423
0.2887002812602726,0.5257263707211549
0.3883796116310757,-0.1392553202348304
-0.15564773316125513,0.1464953135830905
0.5502390239654306,0.038966592631197575
0.44070253200735704,0.01929867027053674
0.41066970329593755,0.34198733190203423
0.2213198974649069,-0.24672571074214303
-0.2363498501158474,-0.3996427437522179
0.47411670309036374,0.5636962797224158
0.4974542049462346,0.3886395025697166
0.23529209567909629,-0.11981063645053798
-0.5438935105563862,0.2893504490192467
0.497627752897174,0.5720560372286392
0.16903786709414587,0.34590098854612616
0.2830144322151244,0.5251672234365344
-0.45081156433163666,-0.24187763650136596
0.1728472246447362,0.3223788896604161
0.18724215010844603,0.446788064022672
0.2064266825732478,-0.13660583128725265
-0.0003150547183655659,0.4086662303735853
0.4101631909493676,0.5716905591286564
0.32327434650238696,-0.2879221955542365
-0.45769012103909706,0.05164547952497768
-0.3369995886551115,0.29979960687005386
0.37076427653110416,0.00922676172223297
0.5560203965782188,0.07445229804037494
0.25986291728911703,0.4885026284419353
0.28179367972191205,0.5183661538567268
0.12977717324894547,-0.47345890427360343
0.45685962301242006,0.5655082463975961
-0.39612580670864905,0.42493726646391977
0.045674781418417305,0.0935914556567521
0.18510292395761024,-0.4120557723444784
-0.5005896285196351,-0.07155470337218564
0.27878494104133367,0.24654735130311844
0.28411551422140163,0.14389248540982089
0.4559878450714204,-0.013343547446407505
0.437129574000412,0.38654022101890256
-0.5414752164473177,0.07108308699372017
-0.5322072121628254,-0.05482154315513098
-0.05343518123621682,-0.3765030257732616
0.011154444652849909,-0.15728695776886265
-0.19127852097395748,0.08833414164841309
0.15426581981369683,-0.42596563084489614
-0.4143670926552476,0.04421351704267862
-0.5718463395197629,0.21582522205266755
-0.28118062893017215,-0.18828410971194912
0.3099961514184089,0.35058140438659874
-0.18523922953227315,-0.3546489088208929
-0.26887422770885067,-0.3166166413841614
-0.2535029327837393,0.5506121051940495
-0.5765408075935715,0.17022772207650338
-0.3618720560124536,0.4343731658135192
0.46114919739603183,0.10193969909522614
-0.5282187316243889,-0.07643894592784146
-0.5052716119087587,0.07296537838384984
0.43536620447118574,-0.2390261661142789
-0.5529322045626227,0.33313862627521934
-0.3564773287232634,-0.20286254997095643
-0.32722059779821766,0.21523359126194744
-0.1811244700722341,-0.1718326317959972
-0.5359751580887212,-0.023941459813485746
-0.28450956534367483,-0.035682382191430065
-0.1774160942188809,0.4439277942330224
-0.5604563572564448,0.2465518145305591
0.5451477505880015,0.45507740978849903
-0.20806597991801556,-0.11712324328049335
0.26736301831205,0.506475817302862
0.14863815032451633,0.4078334014005299
0.48581068470584404,-0.3064165921252004
-0.5071540988906291,-0.04887195128337511
0.4195434444738053,0.5087322134389459
0.09545394055140734,0.1325387416165036
0.45938228649660706,0.566772048550449
0.4571731512011216,0.5787240543615582
0.647908299549684,-0.06422821468056496
0.29004439792915415,0.4600072573103472
0.27116193410735057,0.48433180902603934
0.4712519193446969,-0.21425720026667056
0.0716974276379701,-0.22908376044623338
0.04202480436086277,-0.11314773633531491
0.3620509384187277,0.5683671698422775
0.3568259671051792,-0.03234452487326573
0.2664171533801414,0.46468495904308615
-0.567167382004707,0.10537609384824526
0.11110219406246463,-0.3815066382612991
0.4824290218051938,0.5256419710331021
0.3825636351399736,0.5681527788365482
0.588907897753941,0.3902263881565087
-0.08247412347195707,0.11324340389103166
0.5085646527110502,-0.12359216401368406
0.3851168968168043,0.5370293695577705
0.20030963438964713,0.447728570041615
0.3674562692008585,0.4907744740519552
-0.033108165286998864,-0.41923160157950584
-0.2487936481239277,-0.2273336515741716
0.2430827431391819,-0.013705801041014584
0.6284587128800743,0.4549992552183168
-0.2133976236457069,0.35158220910869453
0.49151818427009897,0.5038619521923274
-0.5211620207357649,-0.009252892960509101
0.37781226617639524,0.28812606724334594
-0.18208697717311428,-0.32826577274115765
0.16518501691629237,0.4294601826836722
0.5010803192911808,0.5540321367433115
0.25050531432349676,-0.2636019762135972
-0.5599456370353898,0.3303217584759019
0.30471615240604827,0.520791880816007
-0.4057958440899986,0.5436777170355572
-0.46398540153970486,0.3605904254879249
0.3173376700693216,-0.38601824109139926
-0.04663400747203914,0.3711458773800305
0.04799978339177675,-0.34816702107509406
-0.23819930326044667,-0.1642867694101339
0.3780454953410478,0.49877022207975175
-0.4632421535713423,-0.17278490973042307
0.060971327395432394,0.321510074105261
0.42305576909688924,-0.1601089857282386
0.0983698714770497,0.3133472487185391
0.2951803567185217,0.30224240591095497
0.3563680333739973,0.49828371127415977
0.3541392226021468,0.5670377003349761
-0.3308006077107447,0.08105110367593478
-0.11886580957834923,0.059784462264272
0.23468078366602743,-0.015699292408494166
0.6135544827705122,0.3563927101236866
0.5535757385373192,0.2743317983899601
-0.168010549011311,-0.31000673121494676
0.4626227680835436,0.5358664795596149
-0.19226931273223768,0.2903780658097081
0.3321783853371882,0.5724206789832954
-0.3229627114972772,0.47399104086199756
0.3162253231805035,0.5375725510416505
0.34282266402721484,-0.39916801161722765
0.008183255984933288,0.1674716985863419
-0.3053133077196957,0.4387741254034374
0.04624662367594272,0.26671478596338405
0.26489553794386284,0.5073762464791128
0.07417344438374864,0.27818589515820924
0.13366156512059063,0.37555020702057396
-0.05490917024668834,0.1875139455786317
0.505307651499552,0.3756544785872173
0.464116133400756,-0.26921339181769394
0.5309694684080359,0.4556690593338665
-0.16207102771341964,-0.2654579933325418
0.6252678958542905,0.2487730155034646
0.13113858210002327,-0.49365498160249194
0.21975763302272674,0.49606056183025904
0.3715365344041839,-0.15259230341315358
-0.32962195732085636,0.12007219577554663
-0.27200711658826043,0.21283339272534904
0.08242540267984196,0.22635623707422778
0.09499416336651455,0.17522215089268958
0.1741315369973132,0.4458112237001177
0.13417887615311996,0.3863767987993161
0.14741030211672035,0.3827940211329715
0.3101542639846474,0.16492186521398375
0.16829943404889802,0.43593222378392754
0.6741486823397338,0.10433162082262838
0.1971019742695023,0.4696522011481203
0.3222073620482076,0.5377962405570386
0.1575463101978897,0.42417279630722565
-0.13922806026902668,-0.37520012300573685
0.24225684087255342,-0.18430694377567336
0.37518190149902053,0.49389736866547745
-0.060491969689120205,-0.37532593345044446
0.5384618032475015,0.2769528319948776
0.16779818770691868,0.44120722684376057
0.13963417171437165,0.1981316968284414
0.13434204664340801,0.3752093177034849
0.14007212505774694,0.4009453201825708
0.12334329034443386,0.35748495716924045
0.17387379509762727,0.45296243648862367
0.1551562276477009,0.41959117154903
0.16161139731660243,0.42052073004393864
-0.5706409365739508,0.00023456901484399434
-0.1866327188953704,-0.34786635610502864
-0.4978371578092048,0.24698686127933533
-0.15447669986707052,-0.36052000727601946
-0.30563537711452515,-0.2698435965434039
-0.16093167531718408,-0.28911591250496027
-0.2750824217078768,0.1505547114042987
-0.47040883022096863,0.4559996776500228
0.012320355339300197,-0.2978437334994457
-0.10470413965009623,-0.03922185783231073
0.6396091407761287,-0.051582665069755056
-0.33641841981629056,0.13437205722940335
0.13447912481008276,-0.05789327078863723
0.28332037838670737,-0.41917341523381274
0.4264177698526202,-0.3394021037146111
0.5438941223074922,0.28009333486040816
0.2094024366912291,-0.3398578798446945
